0.0,0.0,0.0,0.0,0.0,0.0,0.0,0.0,0.0,0.0,0.0,0.0,0.0,0.0,0.0,0.0,0.0,0.0,0.0,0.0,0.0,0.0,0.0,0.0,0.0,0.0,0.0,0.0,0.0,0.0,0.0,0.0,0.0,0.0,0.0,0.0,0.0,0.0,0.0,0.0,0.0,0.0,0.0,0.0,0.0,0.0,0.0,0.0,0.0,0.0,0.0,0.0,0.0,0.0,0.0,0.0,0.0,0.0,0.0,0.0,0.0,0.0,0.0,0.0,0.0,0.0,0.0,0.0,0.0,0.0,0.0,0.0,0.0,0.0,0.0,0.0,0.0,0.0,0.0,0.0,0.0,0.0,0.0,0.0,0.0,0.0,0.0,0.0,0.0,0.0,0.0,0.0,0.0
6.772775424711867,0.0,0.0,0.0,0.0,0.0,0.0,0.0,0.0,0.0,0.0,0.0,0.0,0.0,0.0,0.0,0.0,0.0,0.0,0.0,0.0,0.0,0.0,0.0,0.0,0.0,0.0,0.0,0.0,0.0,0.0,0.0,0.0,0.0,0.0,0.0,0.0,0.0,0.0,0.0,0.0,0.0,0.0,0.0,0.0,0.0,0.0,0.0,0.0,0.0,0.0,0.0,0.0,0.0,0.0,0.0,0.0,0.0,0.0,0.0,0.0,0.0,0.0,0.0,0.0,0.0,0.0,0.0,0.0,0.0,0.0,0.0,0.0,0.0,0.0,0.0,0.0,0.0,0.0,0.0,0.0,0.0,0.0,0.0,0.0,0.0,0.0,0.0,0.0,0.0,0.0,0.0,0.0
7.806126014437701,4.9500577586652454,0.0,0.0,0.0,0.0,0.0,0.0,0.0,0.0,0.0,0.0,0.0,0.0,0.0,0.0,0.0,0.0,0.0,0.0,0.0,0.0,0.0,0.0,0.0,0.0,0.0,0.0,0.0,0.0,0.0,0.0,0.0,0.0,0.0,0.0,0.0,0.0,0.0,0.0,0.0,0.0,0.0,0.0,0.0,0.0,0.0,0.0,0.0,0.0,0.0,0.0,0.0,0.0,0.0,0.0,0.0,0.0,0.0,0.0,0.0,0.0,0.0,0.0,0.0,0.0,0.0,0.0,0.0,0.0,0.0,0.0,0.0,0.0,0.0,0.0,0.0,0.0,0.0,0.0,0.0,0.0,0.0,0.0,0.0,0.0,0.0,0.0,0.0,0.0,0.0,0.0,0.0
8.651616863471245,6.952702662136574,5.396838995352834,0.0,0.0,0.0,0.0,0.0,0.0,0.0,0.0,0.0,0.0,0.0,0.0,0.0,0.0,0.0,0.0,0.0,0.0,0.0,0.0,0.0,0.0,0.0,0.0,0.0,0.0,0.0,0.0,0.0,0.0,0.0,0.0,0.0,0.0,0.0,0.0,0.0,0.0,0.0,0.0,0.0,0.0,0.0,0.0,0.0,0.0,0.0,0.0,0.0,0.0,0.0,0.0,0.0,0.0,0.0,0.0,0.0,0.0,0.0,0.0,0.0,0.0,0.0,0.0,0.0,0.0,0.0,0.0,0.0,0.0,0.0,0.0,0.0,0.0,0.0,0.0,0.0,0.0,0.0,0.0,0.0,0.0,0.0,0.0,0.0,0.0,0.0,0.0,0.0,0.0
8.868286417631145,8.667170316655952,6.612992174987207,5.914459216347765,0.0,0.0,0.0,0.0,0.0,0.0,0.0,0.0,0.0,0.0,0.0,0.0,0.0,0.0,0.0,0.0,0.0,0.0,0.0,0.0,0.0,0.0,0.0,0.0,0.0,0.0,0.0,0.0,0.0,0.0,0.0,0.0,0.0,0.0,0.0,0.0,0.0,0.0,0.0,0.0,0.0,0.0,0.0,0.0,0.0,0.0,0.0,0.0,0.0,0.0,0.0,0.0,0.0,0.0,0.0,0.0,0.0,0.0,0.0,0.0,0.0,0.0,0.0,0.0,0.0,0.0,0.0,0.0,0.0,0.0,0.0,0.0,0.0,0.0,0.0,0.0,0.0,0.0,0.0,0.0,0.0,0.0,0.0,0.0,0.0,0.0,0.0,0.0,0.0
7.260377131227001,6.464869063611807,5.470396199242335,5.937719765457443,7.44089502914972,0.0,0.0,0.0,0.0,0.0,0.0,0.0,0.0,0.0,0.0,0.0,0.0,0.0,0.0,0.0,0.0,0.0,0.0,0.0,0.0,0.0,0.0,0.0,0.0,0.0,0.0,0.0,0.0,0.0,0.0,0.0,0.0,0.0,0.0,0.0,0.0,0.0,0.0,0.0,0.0,0.0,0.0,0.0,0.0,0.0,0.0,0.0,0.0,0.0,0.0,0.0,0.0,0.0,0.0,0.0,0.0,0.0,0.0,0.0,0.0,0.0,0.0,0.0,0.0,0.0,0.0,0.0,0.0,0.0,0.0,0.0,0.0,0.0,0.0,0.0,0.0,0.0,0.0,0.0,0.0,0.0,0.0,0.0,0.0,0.0,0.0,0.0,0.0
8.54993816992671,8.448780684226376,6.327390907999451,7.702971322146,7.29269952832315,4.926021930310672,0.0,0.0,0.0,0.0,0.0,0.0,0.0,0.0,0.0,0.0,0.0,0.0,0.0,0.0,0.0,0.0,0.0,0.0,0.0,0.0,0.0,0.0,0.0,0.0,0.0,0.0,0.0,0.0,0.0,0.0,0.0,0.0,0.0,0.0,0.0,0.0,0.0,0.0,0.0,0.0,0.0,0.0,0.0,0.0,0.0,0.0,0.0,0.0,0.0,0.0,0.0,0.0,0.0,0.0,0.0,0.0,0.0,0.0,0.0,0.0,0.0,0.0,0.0,0.0,0.0,0.0,0.0,0.0,0.0,0.0,0.0,0.0,0.0,0.0,0.0,0.0,0.0,0.0,0.0,0.0,0.0,0.0,0.0,0.0,0.0,0.0,0.0
9.78521064541975,8.023738736672387,6.60008728389989,8.269758014337299,7.803069675194311,5.654554600889446,5.944423754739539,0.0,0.0,0.0,0.0,0.0,0.0,0.0,0.0,0.0,0.0,0.0,0.0,0.0,0.0,0.0,0.0,0.0,0.0,0.0,0.0,0.0,0.0,0.0,0.0,0.0,0.0,0.0,0.0,0.0,0.0,0.0,0.0,0.0,0.0,0.0,0.0,0.0,0.0,0.0,0.0,0.0,0.0,0.0,0.0,0.0,0.0,0.0,0.0,0.0,0.0,0.0,0.0,0.0,0.0,0.0,0.0,0.0,0.0,0.0,0.0,0.0,0.0,0.0,0.0,0.0,0.0,0.0,0.0,0.0,0.0,0.0,0.0,0.0,0.0,0.0,0.0,0.0,0.0,0.0,0.0,0.0,0.0,0.0,0.0,0.0,0.0
8.787285377010127,8.629288941290412,7.043236744748042,7.16864792597851,6.912885852426396,5.242860190153843,3.5422530883232066,5.103533716594024,0.0,0.0,0.0,0.0,0.0,0.0,0.0,0.0,0.0,0.0,0.0,0.0,0.0,0.0,0.0,0.0,0.0,0.0,0.0,0.0,0.0,0.0,0.0,0.0,0.0,0.0,0.0,0.0,0.0,0.0,0.0,0.0,0.0,0.0,0.0,0.0,0.0,0.0,0.0,0.0,0.0,0.0,0.0,0.0,0.0,0.0,0.0,0.0,0.0,0.0,0.0,0.0,0.0,0.0,0.0,0.0,0.0,0.0,0.0,0.0,0.0,0.0,0.0,0.0,0.0,0.0,0.0,0.0,0.0,0.0,0.0,0.0,0.0,0.0,0.0,0.0,0.0,0.0,0.0,0.0,0.0,0.0,0.0,0.0,0.0
10.601995218042687,10.361344979384722,8.631111606894038,10.276847804628614,9.80958060838184,7.737445354704871,6.086752147916299,6.470392586419775,5.274778636600401,0.0,0.0,0.0,0.0,0.0,0.0,0.0,0.0,0.0,0.0,0.0,0.0,0.0,0.0,0.0,0.0,0.0,0.0,0.0,0.0,0.0,0.0,0.0,0.0,0.0,0.0,0.0,0.0,0.0,0.0,0.0,0.0,0.0,0.0,0.0,0.0,0.0,0.0,0.0,0.0,0.0,0.0,0.0,0.0,0.0,0.0,0.0,0.0,0.0,0.0,0.0,0.0,0.0,0.0,0.0,0.0,0.0,0.0,0.0,0.0,0.0,0.0,0.0,0.0,0.0,0.0,0.0,0.0,0.0,0.0,0.0,0.0,0.0,0.0,0.0,0.0,0.0,0.0,0.0,0.0,0.0,0.0,0.0,0.0
10.724417321976052,9.085602870897507,7.594895507781592,8.255193955431938,8.154050500038679,6.0523685242675045,7.136529496233565,5.551489862969761,6.105610022354522,5.6442930990071725,0.0,0.0,0.0,0.0,0.0,0.0,0.0,0.0,0.0,0.0,0.0,0.0,0.0,0.0,0.0,0.0,0.0,0.0,0.0,0.0,0.0,0.0,0.0,0.0,0.0,0.0,0.0,0.0,0.0,0.0,0.0,0.0,0.0,0.0,0.0,0.0,0.0,0.0,0.0,0.0,0.0,0.0,0.0,0.0,0.0,0.0,0.0,0.0,0.0,0.0,0.0,0.0,0.0,0.0,0.0,0.0,0.0,0.0,0.0,0.0,0.0,0.0,0.0,0.0,0.0,0.0,0.0,0.0,0.0,0.0,0.0,0.0,0.0,0.0,0.0,0.0,0.0,0.0,0.0,0.0,0.0,0.0,0.0
11.243478419408293,11.608592506882175,9.847706389548836,8.82245185272212,8.535805943087096,8.436176851390918,7.455527188513478,8.404859671859846,6.349699236990363,6.892682864306174,7.482995692314676,0.0,0.0,0.0,0.0,0.0,0.0,0.0,0.0,0.0,0.0,0.0,0.0,0.0,0.0,0.0,0.0,0.0,0.0,0.0,0.0,0.0,0.0,0.0,0.0,0.0,0.0,0.0,0.0,0.0,0.0,0.0,0.0,0.0,0.0,0.0,0.0,0.0,0.0,0.0,0.0,0.0,0.0,0.0,0.0,0.0,0.0,0.0,0.0,0.0,0.0,0.0,0.0,0.0,0.0,0.0,0.0,0.0,0.0,0.0,0.0,0.0,0.0,0.0,0.0,0.0,0.0,0.0,0.0,0.0,0.0,0.0,0.0,0.0,0.0,0.0,0.0,0.0,0.0,0.0,0.0,0.0,0.0
12.979589992938028,12.252466271458086,10.646964781387135,10.109901710112565,8.555086436055337,9.3116360673343,7.937224665680107,8.064878404257623,5.683610045525027,6.9854114844894415,7.318507911138515,5.855502181599541,0.0,0.0,0.0,0.0,0.0,0.0,0.0,0.0,0.0,0.0,0.0,0.0,0.0,0.0,0.0,0.0,0.0,0.0,0.0,0.0,0.0,0.0,0.0,0.0,0.0,0.0,0.0,0.0,0.0,0.0,0.0,0.0,0.0,0.0,0.0,0.0,0.0,0.0,0.0,0.0,0.0,0.0,0.0,0.0,0.0,0.0,0.0,0.0,0.0,0.0,0.0,0.0,0.0,0.0,0.0,0.0,0.0,0.0,0.0,0.0,0.0,0.0,0.0,0.0,0.0,0.0,0.0,0.0,0.0,0.0,0.0,0.0,0.0,0.0,0.0,0.0,0.0,0.0,0.0,0.0,0.0
10.5739978535134,10.78507410483382,9.129246283596856,9.52607852685175,8.3073509327551,8.655460082767986,7.900570283328141,7.873514652550919,6.420205028424093,4.37523799586331,5.7769189609155855,5.600433015462823,6.542809476723664,0.0,0.0,0.0,0.0,0.0,0.0,0.0,0.0,0.0,0.0,0.0,0.0,0.0,0.0,0.0,0.0,0.0,0.0,0.0,0.0,0.0,0.0,0.0,0.0,0.0,0.0,0.0,0.0,0.0,0.0,0.0,0.0,0.0,0.0,0.0,0.0,0.0,0.0,0.0,0.0,0.0,0.0,0.0,0.0,0.0,0.0,0.0,0.0,0.0,0.0,0.0,0.0,0.0,0.0,0.0,0.0,0.0,0.0,0.0,0.0,0.0,0.0,0.0,0.0,0.0,0.0,0.0,0.0,0.0,0.0,0.0,0.0,0.0,0.0,0.0,0.0,0.0,0.0,0.0,0.0
14.200005469111623,13.008045739465288,12.161293962283002,12.338175956351893,10.524623878673337,12.485929783554127,11.747578098152985,10.845178578501878,10.14630619173973,8.738843814132393,8.34311354766912,8.34387405093701,7.503135360863283,6.465193737007887,0.0,0.0,0.0,0.0,0.0,0.0,0.0,0.0,0.0,0.0,0.0,0.0,0.0,0.0,0.0,0.0,0.0,0.0,0.0,0.0,0.0,0.0,0.0,0.0,0.0,0.0,0.0,0.0,0.0,0.0,0.0,0.0,0.0,0.0,0.0,0.0,0.0,0.0,0.0,0.0,0.0,0.0,0.0,0.0,0.0,0.0,0.0,0.0,0.0,0.0,0.0,0.0,0.0,0.0,0.0,0.0,0.0,0.0,0.0,0.0,0.0,0.0,0.0,0.0,0.0,0.0,0.0,0.0,0.0,0.0,0.0,0.0,0.0,0.0,0.0,0.0,0.0,0.0,0.0
12.460863977618086,11.461125023316036,10.515897739544684,11.078171462755034,10.790595589328747,11.020187219241967,9.994207810249078,10.581146071257878,8.729677599959578,6.953274884117552,7.650431773070066,8.259979549708337,8.032608491638127,6.412802946804619,5.53775250829251,0.0,0.0,0.0,0.0,0.0,0.0,0.0,0.0,0.0,0.0,0.0,0.0,0.0,0.0,0.0,0.0,0.0,0.0,0.0,0.0,0.0,0.0,0.0,0.0,0.0,0.0,0.0,0.0,0.0,0.0,0.0,0.0,0.0,0.0,0.0,0.0,0.0,0.0,0.0,0.0,0.0,0.0,0.0,0.0,0.0,0.0,0.0,0.0,0.0,0.0,0.0,0.0,0.0,0.0,0.0,0.0,0.0,0.0,0.0,0.0,0.0,0.0,0.0,0.0,0.0,0.0,0.0,0.0,0.0,0.0,0.0,0.0,0.0,0.0,0.0,0.0,0.0,0.0
11.872927304064488,10.337342705405533,9.85663176723474,9.843502177025208,10.330516294435677,10.039814496445839,10.357035373949618,9.030656361547372,8.137261812596176,6.624064210618733,6.804587954189439,8.203894244887607,7.986463405187368,5.210143000569756,6.671948643507383,5.380717613246397,0.0,0.0,0.0,0.0,0.0,0.0,0.0,0.0,0.0,0.0,0.0,0.0,0.0,0.0,0.0,0.0,0.0,0.0,0.0,0.0,0.0,0.0,0.0,0.0,0.0,0.0,0.0,0.0,0.0,0.0,0.0,0.0,0.0,0.0,0.0,0.0,0.0,0.0,0.0,0.0,0.0,0.0,0.0,0.0,0.0,0.0,0.0,0.0,0.0,0.0,0.0,0.0,0.0,0.0,0.0,0.0,0.0,0.0,0.0,0.0,0.0,0.0,0.0,0.0,0.0,0.0,0.0,0.0,0.0,0.0,0.0,0.0,0.0,0.0,0.0,0.0,0.0
11.072058628872952,10.307893724134965,10.765301906210574,11.110129615008999,10.4348423269612,10.65541467734804,10.573363464924665,9.89715998353649,8.91534189600915,8.128088355757459,8.055988034195435,9.384877068417039,9.175358354672422,6.957280428833238,6.331366921779215,5.973510362182357,5.771890583509013,0.0,0.0,0.0,0.0,0.0,0.0,0.0,0.0,0.0,0.0,0.0,0.0,0.0,0.0,0.0,0.0,0.0,0.0,0.0,0.0,0.0,0.0,0.0,0.0,0.0,0.0,0.0,0.0,0.0,0.0,0.0,0.0,0.0,0.0,0.0,0.0,0.0,0.0,0.0,0.0,0.0,0.0,0.0,0.0,0.0,0.0,0.0,0.0,0.0,0.0,0.0,0.0,0.0,0.0,0.0,0.0,0.0,0.0,0.0,0.0,0.0,0.0,0.0,0.0,0.0,0.0,0.0,0.0,0.0,0.0,0.0,0.0,0.0,0.0,0.0,0.0
11.55936712320243,10.558222538045891,10.687112846945812,10.708372765531708,9.889998843062127,10.95689390991157,10.774282954241313,11.150328184236248,9.661258661267444,9.50338410050584,8.836678913226802,8.528109883704197,9.156054618888543,7.767752780024556,6.187681519551022,5.668227572861131,6.983636505515534,4.668297898526744,0.0,0.0,0.0,0.0,0.0,0.0,0.0,0.0,0.0,0.0,0.0,0.0,0.0,0.0,0.0,0.0,0.0,0.0,0.0,0.0,0.0,0.0,0.0,0.0,0.0,0.0,0.0,0.0,0.0,0.0,0.0,0.0,0.0,0.0,0.0,0.0,0.0,0.0,0.0,0.0,0.0,0.0,0.0,0.0,0.0,0.0,0.0,0.0,0.0,0.0,0.0,0.0,0.0,0.0,0.0,0.0,0.0,0.0,0.0,0.0,0.0,0.0,0.0,0.0,0.0,0.0,0.0,0.0,0.0,0.0,0.0,0.0,0.0,0.0,0.0
12.63605664496642,11.958020208394908,12.034132270988259,11.876925739007548,12.12645010779911,11.895358270646748,11.701644811380053,11.695946356952739,9.71906755890996,8.351520242877937,9.001552735306282,8.996187155161902,9.001140231307199,6.978356516360138,6.113456326923418,4.0857985083824175,4.661289679219688,4.788822826728924,5.428240708190194,0.0,0.0,0.0,0.0,0.0,0.0,0.0,0.0,0.0,0.0,0.0,0.0,0.0,0.0,0.0,0.0,0.0,0.0,0.0,0.0,0.0,0.0,0.0,0.0,0.0,0.0,0.0,0.0,0.0,0.0,0.0,0.0,0.0,0.0,0.0,0.0,0.0,0.0,0.0,0.0,0.0,0.0,0.0,0.0,0.0,0.0,0.0,0.0,0.0,0.0,0.0,0.0,0.0,0.0,0.0,0.0,0.0,0.0,0.0,0.0,0.0,0.0,0.0,0.0,0.0,0.0,0.0,0.0,0.0,0.0,0.0,0.0,0.0,0.0
10.332368000671481,9.169968303810053,9.973439894959062,10.04988811349659,9.921142666620666,10.477874756597542,10.51583211420398,10.40111131953389,8.785598337781895,9.286582318576622,8.877498372334404,9.32246890081163,9.293255674185286,8.043602944235003,7.7648118669611055,6.1451344667305685,6.144597282906343,4.628219923826008,4.385995957859653,5.122712891066607,0.0,0.0,0.0,0.0,0.0,0.0,0.0,0.0,0.0,0.0,0.0,0.0,0.0,0.0,0.0,0.0,0.0,0.0,0.0,0.0,0.0,0.0,0.0,0.0,0.0,0.0,0.0,0.0,0.0,0.0,0.0,0.0,0.0,0.0,0.0,0.0,0.0,0.0,0.0,0.0,0.0,0.0,0.0,0.0,0.0,0.0,0.0,0.0,0.0,0.0,0.0,0.0,0.0,0.0,0.0,0.0,0.0,0.0,0.0,0.0,0.0,0.0,0.0,0.0,0.0,0.0,0.0,0.0,0.0,0.0,0.0,0.0,0.0
10.473791956729377,9.509724763558092,10.195449436075391,10.140745213530858,9.963992112455932,11.487606843946784,12.076484795753055,11.9403962828394,10.852482178927778,11.241656675955237,9.712562525665872,11.389592034649397,12.019328964026485,9.406310446417075,9.249373183564874,7.644513340255806,7.715394777173038,6.620389034388312,5.823803053243318,7.353446641980137,4.543768763124835,0.0,0.0,0.0,0.0,0.0,0.0,0.0,0.0,0.0,0.0,0.0,0.0,0.0,0.0,0.0,0.0,0.0,0.0,0.0,0.0,0.0,0.0,0.0,0.0,0.0,0.0,0.0,0.0,0.0,0.0,0.0,0.0,0.0,0.0,0.0,0.0,0.0,0.0,0.0,0.0,0.0,0.0,0.0,0.0,0.0,0.0,0.0,0.0,0.0,0.0,0.0,0.0,0.0,0.0,0.0,0.0,0.0,0.0,0.0,0.0,0.0,0.0,0.0,0.0,0.0,0.0,0.0,0.0,0.0,0.0,0.0,0.0
9.050528374388026,8.643725301075746,9.397933588452291,9.809139230159941,10.059659865650715,10.942293727855908,12.178060525667725,11.469079621964388,10.936332007450156,10.945113845400547,10.205409093628475,11.23706054572666,12.382231036101683,9.097935466518257,9.654298032906317,8.677535427835645,7.537133118879536,6.596749812915052,6.660587712658394,7.683643359880959,6.029233069306808,4.979527553064821,0.0,0.0,0.0,0.0,0.0,0.0,0.0,0.0,0.0,0.0,0.0,0.0,0.0,0.0,0.0,0.0,0.0,0.0,0.0,0.0,0.0,0.0,0.0,0.0,0.0,0.0,0.0,0.0,0.0,0.0,0.0,0.0,0.0,0.0,0.0,0.0,0.0,0.0,0.0,0.0,0.0,0.0,0.0,0.0,0.0,0.0,0.0,0.0,0.0,0.0,0.0,0.0,0.0,0.0,0.0,0.0,0.0,0.0,0.0,0.0,0.0,0.0,0.0,0.0,0.0,0.0,0.0,0.0,0.0,0.0,0.0
10.102709489953673,8.672840241626787,9.388795560744786,10.291398615810195,10.090865777564431,11.198286522296346,11.830120034434296,12.072268983373258,10.922954664116116,11.01209241583996,9.988051367864504,12.24625941856941,12.448846037077372,9.36731487392337,9.824794654088196,8.299850378741775,8.100379312007556,7.1583509874830815,6.848680696898724,7.909543891236711,5.849087884559437,3.802459119344868,4.783191797124882,0.0,0.0,0.0,0.0,0.0,0.0,0.0,0.0,0.0,0.0,0.0,0.0,0.0,0.0,0.0,0.0,0.0,0.0,0.0,0.0,0.0,0.0,0.0,0.0,0.0,0.0,0.0,0.0,0.0,0.0,0.0,0.0,0.0,0.0,0.0,0.0,0.0,0.0,0.0,0.0,0.0,0.0,0.0,0.0,0.0,0.0,0.0,0.0,0.0,0.0,0.0,0.0,0.0,0.0,0.0,0.0,0.0,0.0,0.0,0.0,0.0,0.0,0.0,0.0,0.0,0.0,0.0,0.0,0.0,0.0
9.133005333558062,7.159972931888848,8.680124233837958,9.639785162829096,10.52326443016334,10.80801856793575,12.084589887177954,11.773258195177577,11.264442300963506,11.599282541588508,10.650351049486584,12.65916337816603,13.411905496181255,10.322600694971495,10.993455415273216,9.675462312628785,8.807383711886294,7.922550750976607,8.147273094331206,8.952873173713565,7.006279454282421,5.6878065119559915,3.8264499836797485,3.604051183848529,0.0,0.0,0.0,0.0,0.0,0.0,0.0,0.0,0.0,0.0,0.0,0.0,0.0,0.0,0.0,0.0,0.0,0.0,0.0,0.0,0.0,0.0,0.0,0.0,0.0,0.0,0.0,0.0,0.0,0.0,0.0,0.0,0.0,0.0,0.0,0.0,0.0,0.0,0.0,0.0,0.0,0.0,0.0,0.0,0.0,0.0,0.0,0.0,0.0,0.0,0.0,0.0,0.0,0.0,0.0,0.0,0.0,0.0,0.0,0.0,0.0,0.0,0.0,0.0,0.0,0.0,0.0,0.0,0.0
9.688769021661113,7.50826374513316,9.259763478450246,9.810974814583922,11.318419875567482,10.50707379215279,12.33583066348139,12.687214685678493,12.025963295742924,12.403948137165843,10.522687451568634,12.984254317811246,14.192359127937012,11.284252905050737,12.187386181667502,10.321603506122486,10.023849176045099,8.831393190765544,8.315233765302166,9.893856727207039,7.488855228845064,5.976976245238809,6.13554141425374,4.908307369093749,4.5311259338160115,0.0,0.0,0.0,0.0,0.0,0.0,0.0,0.0,0.0,0.0,0.0,0.0,0.0,0.0,0.0,0.0,0.0,0.0,0.0,0.0,0.0,0.0,0.0,0.0,0.0,0.0,0.0,0.0,0.0,0.0,0.0,0.0,0.0,0.0,0.0,0.0,0.0,0.0,0.0,0.0,0.0,0.0,0.0,0.0,0.0,0.0,0.0,0.0,0.0,0.0,0.0,0.0,0.0,0.0,0.0,0.0,0.0,0.0,0.0,0.0,0.0,0.0,0.0,0.0,0.0,0.0,0.0,0.0
7.289065532981579,6.5418250170484535,8.752258083684518,9.398453916437534,9.106628363946836,9.671781316910758,10.950411992857697,10.589934231082648,10.134311426183627,11.656506485259637,10.477937170197196,12.042568647983702,12.660240083214733,10.572720553097296,11.734326421618753,10.802463427015155,9.78552208438058,7.688320689233769,7.759605934050982,10.14729277874153,6.271619085738548,5.80811457758445,5.26347953109564,5.66539954450699,5.199257393926557,5.981433059794284,0.0,0.0,0.0,0.0,0.0,0.0,0.0,0.0,0.0,0.0,0.0,0.0,0.0,0.0,0.0,0.0,0.0,0.0,0.0,0.0,0.0,0.0,0.0,0.0,0.0,0.0,0.0,0.0,0.0,0.0,0.0,0.0,0.0,0.0,0.0,0.0,0.0,0.0,0.0,0.0,0.0,0.0,0.0,0.0,0.0,0.0,0.0,0.0,0.0,0.0,0.0,0.0,0.0,0.0,0.0,0.0,0.0,0.0,0.0,0.0,0.0,0.0,0.0,0.0,0.0,0.0,0.0
7.0287398634748195,6.19755996219972,7.747058396185032,8.776149799262773,9.806371684019581,8.869509699472909,10.567465528016436,10.31454496941266,10.24245263638041,11.143418239472124,9.80741110513371,11.204265295828192,13.115423093365193,10.436934113536696,11.836965562499538,10.201723544671262,9.737769554821064,8.597742357130738,7.897597525699395,10.024817411195079,7.295208871314105,6.341716411638808,5.099346552411866,6.479551879597848,5.121332920656497,5.5731171753606645,4.387760827495049,0.0,0.0,0.0,0.0,0.0,0.0,0.0,0.0,0.0,0.0,0.0,0.0,0.0,0.0,0.0,0.0,0.0,0.0,0.0,0.0,0.0,0.0,0.0,0.0,0.0,0.0,0.0,0.0,0.0,0.0,0.0,0.0,0.0,0.0,0.0,0.0,0.0,0.0,0.0,0.0,0.0,0.0,0.0,0.0,0.0,0.0,0.0,0.0,0.0,0.0,0.0,0.0,0.0,0.0,0.0,0.0,0.0,0.0,0.0,0.0,0.0,0.0,0.0,0.0,0.0,0.0
5.600275833546862,5.9439566361061225,6.221375979784215,6.937257068003822,7.9437241666997735,8.438856176838955,9.0792817057566,10.10129696418955,8.923200915145248,10.647934175588661,10.44696343546243,10.76448845241468,12.287275331411191,10.093516751927199,12.258716216834005,10.19247502493722,9.995257703674728,9.283156773386358,8.946963544109376,10.59657085571219,7.974057061155821,7.532459438158162,5.920025098879544,7.15411072587425,5.821436172875983,7.2860314908411565,5.482040953093018,4.717647054491146,0.0,0.0,0.0,0.0,0.0,0.0,0.0,0.0,0.0,0.0,0.0,0.0,0.0,0.0,0.0,0.0,0.0,0.0,0.0,0.0,0.0,0.0,0.0,0.0,0.0,0.0,0.0,0.0,0.0,0.0,0.0,0.0,0.0,0.0,0.0,0.0,0.0,0.0,0.0,0.0,0.0,0.0,0.0,0.0,0.0,0.0,0.0,0.0,0.0,0.0,0.0,0.0,0.0,0.0,0.0,0.0,0.0,0.0,0.0,0.0,0.0,0.0,0.0,0.0,0.0
5.526647061048862,4.607195942829111,5.38772601067287,7.116104759185323,7.1817419611359625,6.748582927122107,8.734565122071603,8.305029868044787,8.934173631646969,10.523476950780097,8.711243344833159,11.460822701669368,12.553511428140613,10.196987674045017,12.59777963403869,11.376191701465828,10.592270839144929,10.015804146637453,10.066189992149623,12.117657724205616,9.489104432173777,8.410021139013207,7.443440895517258,7.959408678199655,6.963484419369371,7.684454161884239,5.7087688117228925,4.890509928074986,4.907552784312053,0.0,0.0,0.0,0.0,0.0,0.0,0.0,0.0,0.0,0.0,0.0,0.0,0.0,0.0,0.0,0.0,0.0,0.0,0.0,0.0,0.0,0.0,0.0,0.0,0.0,0.0,0.0,0.0,0.0,0.0,0.0,0.0,0.0,0.0,0.0,0.0,0.0,0.0,0.0,0.0,0.0,0.0,0.0,0.0,0.0,0.0,0.0,0.0,0.0,0.0,0.0,0.0,0.0,0.0,0.0,0.0,0.0,0.0,0.0,0.0,0.0,0.0,0.0,0.0
6.333433271271518,4.802986563896468,6.05779233404629,6.881072865109699,8.129227769678375,6.716874517935631,9.273678447299577,7.939218506192221,8.89362807176492,11.475155408126245,9.523103959631493,12.273714244357697,12.999285174749648,11.4678986810843,14.190858874516687,13.006203180073307,11.307601971490199,10.994265158329092,11.675933589896793,13.23441363764368,10.169967641424874,9.783041144289337,8.883584889451317,9.617716527390948,8.33209397734141,8.987431252741187,6.312135576022509,6.3528911657015685,6.164315407809535,3.7512015645988694,0.0,0.0,0.0,0.0,0.0,0.0,0.0,0.0,0.0,0.0,0.0,0.0,0.0,0.0,0.0,0.0,0.0,0.0,0.0,0.0,0.0,0.0,0.0,0.0,0.0,0.0,0.0,0.0,0.0,0.0,0.0,0.0,0.0,0.0,0.0,0.0,0.0,0.0,0.0,0.0,0.0,0.0,0.0,0.0,0.0,0.0,0.0,0.0,0.0,0.0,0.0,0.0,0.0,0.0,0.0,0.0,0.0,0.0,0.0,0.0,0.0,0.0,0.0
6.264546803619876,6.279820357725609,6.56412136984113,8.438681925730107,10.360699121540256,5.53023565088758,8.186160544161572,8.905990736780495,8.967122930610463,9.88946637268887,9.112143689870347,11.581984961320059,13.340664611141417,10.693816983150123,14.34350297360948,12.485278774919044,11.655097698120938,11.30065843485874,11.931339034742043,12.78271740754461,11.514346497940906,11.619620470023666,9.953285551683864,10.440780658904007,9.058899489040817,9.035569748603793,8.98299215376725,7.182329209256841,7.440455205551135,5.923080506049533,6.49318889625067,0.0,0.0,0.0,0.0,0.0,0.0,0.0,0.0,0.0,0.0,0.0,0.0,0.0,0.0,0.0,0.0,0.0,0.0,0.0,0.0,0.0,0.0,0.0,0.0,0.0,0.0,0.0,0.0,0.0,0.0,0.0,0.0,0.0,0.0,0.0,0.0,0.0,0.0,0.0,0.0,0.0,0.0,0.0,0.0,0.0,0.0,0.0,0.0,0.0,0.0,0.0,0.0,0.0,0.0,0.0,0.0,0.0,0.0,0.0,0.0,0.0,0.0
8.255360694229175,7.791896935386466,7.584029907136773,7.510450081205786,8.965496595853741,7.355065435691786,9.104612698994158,10.154239433146138,9.180533256559773,11.957510196375496,10.796306380087776,12.444309294192426,12.936859256065244,11.95659034325798,14.602989290040036,13.448719394888274,12.566393206343019,11.416106543244242,11.897771187241634,13.529715745146458,11.727690984237436,11.851812490103486,10.275296409715233,10.622109508634525,9.418523225840875,10.104925589657947,8.721168057351264,8.758305643539964,7.264338188154031,7.074161802052877,6.634692557664826,6.238981440021118,0.0,0.0,0.0,0.0,0.0,0.0,0.0,0.0,0.0,0.0,0.0,0.0,0.0,0.0,0.0,0.0,0.0,0.0,0.0,0.0,0.0,0.0,0.0,0.0,0.0,0.0,0.0,0.0,0.0,0.0,0.0,0.0,0.0,0.0,0.0,0.0,0.0,0.0,0.0,0.0,0.0,0.0,0.0,0.0,0.0,0.0,0.0,0.0,0.0,0.0,0.0,0.0,0.0,0.0,0.0,0.0,0.0,0.0,0.0,0.0,0.0
8.354699631064483,8.515321876108384,7.227287001789122,7.91926010048344,9.481480833685739,5.506154000593608,7.583003925813351,8.682399180501033,8.155949482947095,10.192644591655739,9.274100932782057,11.34701323042804,12.051891294212124,11.183858959638886,14.403359008040763,12.87847029146354,12.403998843155742,11.909736060467882,12.610372512732692,13.597656411176485,12.732511639889006,13.270044571449562,11.594030880965764,12.362003381467302,11.29883574145624,11.690592046663378,10.919164142273392,9.865708392265049,8.681038273559102,7.754485494596594,7.830721862800263,5.143061211118627,4.573951431977934,0.0,0.0,0.0,0.0,0.0,0.0,0.0,0.0,0.0,0.0,0.0,0.0,0.0,0.0,0.0,0.0,0.0,0.0,0.0,0.0,0.0,0.0,0.0,0.0,0.0,0.0,0.0,0.0,0.0,0.0,0.0,0.0,0.0,0.0,0.0,0.0,0.0,0.0,0.0,0.0,0.0,0.0,0.0,0.0,0.0,0.0,0.0,0.0,0.0,0.0,0.0,0.0,0.0,0.0,0.0,0.0,0.0,0.0,0.0,0.0
10.413489300644093,9.505945828638517,8.182787888356268,7.780404212554064,10.130447068672243,7.4467262964428205,8.097571177861587,8.822124587430457,8.502420973993525,9.954057427804452,9.385633946278162,10.484707065928403,12.466368835856974,10.495515424071131,14.04713280676982,12.682199109473443,11.385372702315415,11.219000566130166,12.059844182200623,13.127356979119178,12.309506122255637,12.641237377815433,11.770736653086406,12.379540026375333,11.566315911042244,11.762597969098026,11.164661171351732,10.19419716717452,9.449090112274197,9.160072313580772,8.758886825282424,7.44161612916529,6.892712894390205,6.737176287614715,0.0,0.0,0.0,0.0,0.0,0.0,0.0,0.0,0.0,0.0,0.0,0.0,0.0,0.0,0.0,0.0,0.0,0.0,0.0,0.0,0.0,0.0,0.0,0.0,0.0,0.0,0.0,0.0,0.0,0.0,0.0,0.0,0.0,0.0,0.0,0.0,0.0,0.0,0.0,0.0,0.0,0.0,0.0,0.0,0.0,0.0,0.0,0.0,0.0,0.0,0.0,0.0,0.0,0.0,0.0,0.0,0.0,0.0,0.0
7.375127933533356,7.119272936549419,6.462839976153285,6.023612976282921,7.463406183880455,5.2326906291532245,7.3150823940406635,7.949353191963482,7.555663206027647,10.083413313469997,8.164871213483039,10.094019652115007,11.33145266977456,10.0918735719345,12.687830148783675,11.75487225556637,11.330376660981047,10.53974241471318,10.952820326162518,12.382622312918375,11.077943180619947,11.050698559563235,10.00102154781734,10.58891528908339,9.515437967596865,10.01442332363896,9.07266917538626,7.966892668373537,7.191754815334918,5.81362308360148,6.285426627373277,5.274530012754499,4.601236078139003,4.072228221037347,6.287414034739004,0.0,0.0,0.0,0.0,0.0,0.0,0.0,0.0,0.0,0.0,0.0,0.0,0.0,0.0,0.0,0.0,0.0,0.0,0.0,0.0,0.0,0.0,0.0,0.0,0.0,0.0,0.0,0.0,0.0,0.0,0.0,0.0,0.0,0.0,0.0,0.0,0.0,0.0,0.0,0.0,0.0,0.0,0.0,0.0,0.0,0.0,0.0,0.0,0.0,0.0,0.0,0.0,0.0,0.0,0.0,0.0,0.0,0.0
9.740510183001762,9.433402601185957,8.249043649119697,7.200570243051656,7.886518614151748,6.68414799880022,7.635126317282818,8.161151919448933,7.467417608141184,9.567441860540411,8.353509128981724,10.36672914630169,10.809618753681185,9.701272524009878,12.88625436985554,12.043567469131435,10.839778438878767,10.708604234690952,11.605538247321931,12.7708486328764,12.127111171386243,12.193794730487715,11.413490231337114,11.905584664763044,11.53052477714874,12.217047703881695,10.769637475856882,10.638179556247442,9.339647133928025,8.156545182737664,8.392144491222135,8.184414168756673,6.333792803152387,5.824963695116906,5.259494065488618,5.205850434202367,0.0,0.0,0.0,0.0,0.0,0.0,0.0,0.0,0.0,0.0,0.0,0.0,0.0,0.0,0.0,0.0,0.0,0.0,0.0,0.0,0.0,0.0,0.0,0.0,0.0,0.0,0.0,0.0,0.0,0.0,0.0,0.0,0.0,0.0,0.0,0.0,0.0,0.0,0.0,0.0,0.0,0.0,0.0,0.0,0.0,0.0,0.0,0.0,0.0,0.0,0.0,0.0,0.0,0.0,0.0,0.0,0.0
9.09551451214185,9.341244709298863,7.188489340738706,6.9180443699822405,7.255260010897198,5.706974118966984,6.0941531940301354,7.616220752815599,6.542616456802201,8.843497357645502,8.05551702293422,9.36824611622597,10.28999399232672,9.098672813500274,12.834842984481071,11.917797413187682,11.1392557975604,10.92536729681355,11.492643268422638,12.831761619176962,12.012832432922012,12.36310076368837,11.51966962152482,11.856241976161039,11.591102204306672,12.128082329362009,10.781246186634593,10.357285766275014,8.931107532335616,8.025130388148405,8.293222205239289,7.1978946134648965,5.686531227673598,4.716609551795865,4.693566465105185,4.583277893914681,3.0297018099482966,0.0,0.0,0.0,0.0,0.0,0.0,0.0,0.0,0.0,0.0,0.0,0.0,0.0,0.0,0.0,0.0,0.0,0.0,0.0,0.0,0.0,0.0,0.0,0.0,0.0,0.0,0.0,0.0,0.0,0.0,0.0,0.0,0.0,0.0,0.0,0.0,0.0,0.0,0.0,0.0,0.0,0.0,0.0,0.0,0.0,0.0,0.0,0.0,0.0,0.0,0.0,0.0,0.0,0.0,0.0,0.0
10.664019117527875,9.788259575627375,7.951081230118391,7.377333307537351,8.359088157348324,6.434131199675989,6.666160389904198,8.182598001747122,7.076463062565649,8.720769160068393,8.007636717415444,9.60718629989551,9.74331456932583,9.422710973528053,12.290395856431966,11.394016310805421,11.096727873026355,11.188098940713743,11.97995354963337,12.629462808425384,12.645469860258258,13.417060841875502,12.510892616482437,12.764407601921837,12.30542085327438,12.803951707902526,12.431835231537619,11.9304756459246,10.248746232794964,9.631649788732977,10.239348015945597,8.528966785039321,7.442439385764858,5.538012170484008,6.633342995619103,5.6699273275928315,4.3269412449236,4.279543156072033,0.0,0.0,0.0,0.0,0.0,0.0,0.0,0.0,0.0,0.0,0.0,0.0,0.0,0.0,0.0,0.0,0.0,0.0,0.0,0.0,0.0,0.0,0.0,0.0,0.0,0.0,0.0,0.0,0.0,0.0,0.0,0.0,0.0,0.0,0.0,0.0,0.0,0.0,0.0,0.0,0.0,0.0,0.0,0.0,0.0,0.0,0.0,0.0,0.0,0.0,0.0,0.0,0.0,0.0,0.0
11.19259616667755,11.68890756998985,10.05289940233095,9.372429588827275,8.825752687325089,8.580768282360793,8.592922959630716,8.867852834507403,8.491542451407813,9.494570308556622,8.744294552062218,9.573471058065877,10.356921334746247,9.317128112836649,11.484079993300508,11.799549795688181,11.622800884030708,10.44342052874081,11.775554290649346,12.683693677932505,12.910505574524377,13.508060509771711,12.306043736054725,13.391111187057069,12.923614943057729,13.755771078882674,12.632223490728977,12.247102803697086,11.031193883483056,10.355287515068087,11.136781762914007,9.949880247391372,8.805215586643463,7.258426481843981,7.563259745523355,6.500918401252933,5.4365372198216395,5.435028534240459,4.659082588077291,0.0,0.0,0.0,0.0,0.0,0.0,0.0,0.0,0.0,0.0,0.0,0.0,0.0,0.0,0.0,0.0,0.0,0.0,0.0,0.0,0.0,0.0,0.0,0.0,0.0,0.0,0.0,0.0,0.0,0.0,0.0,0.0,0.0,0.0,0.0,0.0,0.0,0.0,0.0,0.0,0.0,0.0,0.0,0.0,0.0,0.0,0.0,0.0,0.0,0.0,0.0,0.0,0.0,0.0
11.33344686973632,10.819890266444341,9.600873135930764,9.9789836465101,10.189759514855934,6.689548752815843,7.520422715579206,7.7794418413953075,7.105087764017558,7.4466306984471835,6.91778128876275,9.772033537322516,8.717214712182614,8.94728526865004,11.631844017613716,10.71466724674901,10.281884630973838,10.01635436749599,11.53459272576935,11.605572793363368,12.05563675172556,13.666465752633524,12.671876988265897,13.164514057801602,13.09677248864223,13.222011515263326,12.648773777894679,12.48672566076696,11.783471134714295,10.795875616970399,11.209138033958054,9.223670652630656,9.333385971251804,6.645889179515786,8.969026716091607,8.007234999931,6.869063398589142,6.791546356502252,5.179249044598649,6.438928631339301,0.0,0.0,0.0,0.0,0.0,0.0,0.0,0.0,0.0,0.0,0.0,0.0,0.0,0.0,0.0,0.0,0.0,0.0,0.0,0.0,0.0,0.0,0.0,0.0,0.0,0.0,0.0,0.0,0.0,0.0,0.0,0.0,0.0,0.0,0.0,0.0,0.0,0.0,0.0,0.0,0.0,0.0,0.0,0.0,0.0,0.0,0.0,0.0,0.0,0.0,0.0,0.0,0.0
12.03738157623991,11.823853157272422,9.379458053319553,8.94272003555406,8.923066642345614,8.122134347660348,7.785902206058055,8.062879784816094,7.024302394815874,7.5524524926940115,6.83677756299706,8.285284513479304,8.490366848248492,7.553960905580993,10.068160277091343,9.821742660236014,9.585163871546486,9.631585801227128,10.783521540493775,10.855684489077602,11.749150643578455,12.533151827224028,11.865550533807808,12.330011087586255,12.40605313620734,13.296555406476521,12.730430882106859,12.04892342402424,11.150026137211922,10.75271181545381,11.370367411628747,9.97213640231139,9.199560021611035,7.542314610131893,7.262813466436337,7.1482341621399055,5.93663879918772,5.311645595261696,4.977199387888735,4.308495137542226,5.981791312710266,0.0,0.0,0.0,0.0,0.0,0.0,0.0,0.0,0.0,0.0,0.0,0.0,0.0,0.0,0.0,0.0,0.0,0.0,0.0,0.0,0.0,0.0,0.0,0.0,0.0,0.0,0.0,0.0,0.0,0.0,0.0,0.0,0.0,0.0,0.0,0.0,0.0,0.0,0.0,0.0,0.0,0.0,0.0,0.0,0.0,0.0,0.0,0.0,0.0,0.0,0.0,0.0
11.782060901633466,12.244285324363403,10.276525270610733,10.122475360725755,10.140080737792033,8.821154439212817,9.083667412729051,8.86841623450749,8.229216320458224,6.7797229872023514,6.766008925747881,7.778836062271783,8.655190678154757,6.646477273358121,9.190920938469658,8.680086964224495,8.555677908698994,8.818734227189296,10.313400530768366,9.6924686300034,11.269504397030955,12.402906948495945,11.140158855029796,12.557321886317958,12.564329623788131,13.014698561484241,12.985571505894532,12.157531371203614,11.469918133062198,11.366930200665438,12.427919631663581,10.654295602707107,11.478425843399608,9.156527136143321,9.758106485921795,9.205820772304008,8.527027559976629,8.302387885176348,7.158230078154793,6.05165504726806,5.795886257705202,5.2799024457465125,0.0,0.0,0.0,0.0,0.0,0.0,0.0,0.0,0.0,0.0,0.0,0.0,0.0,0.0,0.0,0.0,0.0,0.0,0.0,0.0,0.0,0.0,0.0,0.0,0.0,0.0,0.0,0.0,0.0,0.0,0.0,0.0,0.0,0.0,0.0,0.0,0.0,0.0,0.0,0.0,0.0,0.0,0.0,0.0,0.0,0.0,0.0,0.0,0.0,0.0,0.0
13.106216000071417,13.365696287646408,11.06606696174341,10.456414794384738,10.12964821991233,9.750180817616256,9.769363102348674,10.159142695115765,8.712672792482454,7.953252176890155,7.399584671230407,7.858943360818169,8.466527081239684,6.864218398478737,9.02811672732514,8.776795974980162,8.600847566388326,8.770777570631237,9.292796686587048,9.467633810806584,11.054290932177786,11.894773881609057,11.167227565197422,12.018826317106342,12.694825314762232,13.022606715923967,12.915047897326128,12.32029300690077,11.93255575280321,12.03422523447222,13.041824723885727,11.56396443499512,11.125392320909496,9.766503531695312,9.377477381322601,9.754318572133677,8.283644199823469,7.829687816465673,7.954297234207934,7.051928698055092,7.062836813959672,4.719963675183105,4.5929829623468015,0.0,0.0,0.0,0.0,0.0,0.0,0.0,0.0,0.0,0.0,0.0,0.0,0.0,0.0,0.0,0.0,0.0,0.0,0.0,0.0,0.0,0.0,0.0,0.0,0.0,0.0,0.0,0.0,0.0,0.0,0.0,0.0,0.0,0.0,0.0,0.0,0.0,0.0,0.0,0.0,0.0,0.0,0.0,0.0,0.0,0.0,0.0,0.0,0.0,0.0
13.990028877933026,13.000204725543403,11.23276254847582,10.795334075576356,10.660889938300697,10.83613526230842,10.410728104449644,9.90672953262357,8.546173511476116,7.187327391290866,7.514811238700545,7.870483128163097,7.046498573184911,5.924812391754358,6.391419255298465,6.8352450554533855,6.0732793989903024,7.40211199106039,8.505085897064955,7.065088589409195,9.693940205814146,11.225693099381838,10.48979930214524,11.114325207667804,11.66601318884905,12.931881502097829,12.822929982562487,12.546451761713348,12.07677459148464,12.679665600022737,13.577934954787821,12.702935223864758,12.280138530094193,11.495858396771814,10.781566749249805,10.958851900166549,9.76445824664538,9.793533392906923,8.921404744276542,8.679124409427773,8.288048454318785,6.024353599814673,5.943192366969118,4.8222059790315885,0.0,0.0,0.0,0.0,0.0,0.0,0.0,0.0,0.0,0.0,0.0,0.0,0.0,0.0,0.0,0.0,0.0,0.0,0.0,0.0,0.0,0.0,0.0,0.0,0.0,0.0,0.0,0.0,0.0,0.0,0.0,0.0,0.0,0.0,0.0,0.0,0.0,0.0,0.0,0.0,0.0,0.0,0.0,0.0,0.0,0.0,0.0,0.0,0.0
12.728157990954543,12.388263569965769,10.716123401210021,9.882052491856134,10.149196578516992,10.548243401227714,10.16333125432226,11.439508106752493,9.300289183000494,8.710407641419543,8.87681314916564,8.25369673356127,8.89225497105751,7.546224082167584,8.559208566222697,7.183735345862903,7.857682967764734,7.544114639087876,7.4242178982519915,7.964024787373529,9.210891682589695,10.325642178768787,9.670964758994149,10.502964773172382,11.160546622002885,11.20550869371846,11.705262057801184,11.490207611444626,10.392005489912378,11.87766432921473,13.112376217716948,12.091489038941564,11.22115947629495,10.784470302407485,10.109249337974061,10.546783098003106,9.405373606108425,9.340258675378482,8.699941910271585,8.762268641603326,8.495673585499622,7.58290029099025,6.260066984601683,5.013114554552688,5.668747380003805,0.0,0.0,0.0,0.0,0.0,0.0,0.0,0.0,0.0,0.0,0.0,0.0,0.0,0.0,0.0,0.0,0.0,0.0,0.0,0.0,0.0,0.0,0.0,0.0,0.0,0.0,0.0,0.0,0.0,0.0,0.0,0.0,0.0,0.0,0.0,0.0,0.0,0.0,0.0,0.0,0.0,0.0,0.0,0.0,0.0,0.0,0.0,0.0
11.61507975870358,11.166270640767335,9.478099627915533,8.890888984634863,9.540990495522705,9.218669230503151,9.134427399720918,9.547629064702797,8.160315666205419,7.736154848566667,7.300135843715621,7.805139159770411,9.221154584407453,6.61674399883716,8.27912302488383,7.53219658042178,7.415292267561783,6.821765380682743,7.69131925082614,7.853605557641761,9.0702096528703,9.650768467711291,8.862560517261382,9.6514381762534,9.770939937129771,10.505590790341188,10.708104929628846,9.852342420247561,9.476384454358769,10.220864939643295,11.22226864675635,9.86886642690383,9.388167922488687,8.993414589358736,7.318319658636303,7.9698541417153645,7.47362498578585,7.185034534133748,7.343130232714217,6.583413598643682,8.036031458774758,4.655129849882339,5.719861528505875,4.373415929764921,4.867674460805851,4.971693218966106,0.0,0.0,0.0,0.0,0.0,0.0,0.0,0.0,0.0,0.0,0.0,0.0,0.0,0.0,0.0,0.0,0.0,0.0,0.0,0.0,0.0,0.0,0.0,0.0,0.0,0.0,0.0,0.0,0.0,0.0,0.0,0.0,0.0,0.0,0.0,0.0,0.0,0.0,0.0,0.0,0.0,0.0,0.0,0.0,0.0,0.0,0.0
12.930092028448184,12.527910786798904,12.049569325489701,11.647469003561302,10.999442317923046,11.879608586335044,11.361350120296047,11.222437087819085,10.058747733951643,9.082180686493816,9.23330590556932,9.248528943463457,9.746643520806447,7.3224676934929045,6.476891161609967,7.602881890991947,7.813173113443814,4.845025078498697,7.030755551598456,6.939721115034904,8.447237002041632,9.682023272629037,9.022278542581583,9.818288263332937,10.140461436842175,11.165143703034964,10.852347181128666,11.19517847148929,11.056461685903148,11.997365786656555,13.145568347061694,12.492232028209502,11.916913947467494,12.171293845827169,10.778618289332558,10.709220202172018,10.389342938330715,10.548788850336528,10.124155745390393,8.405896280683358,9.941944549721514,7.988069136770744,7.479911357936088,7.295578688551943,5.922268586393334,6.378562383185203,5.020433757540201,0.0,0.0,0.0,0.0,0.0,0.0,0.0,0.0,0.0,0.0,0.0,0.0,0.0,0.0,0.0,0.0,0.0,0.0,0.0,0.0,0.0,0.0,0.0,0.0,0.0,0.0,0.0,0.0,0.0,0.0,0.0,0.0,0.0,0.0,0.0,0.0,0.0,0.0,0.0,0.0,0.0,0.0,0.0,0.0,0.0,0.0
11.867369283666031,11.889243669271858,10.755480658835337,10.254594572873176,10.52970514839428,9.958344972491362,10.119523844181092,9.636329823077665,8.366669115037118,7.386703792484168,7.449644120963095,8.11934672172583,8.73384930688508,6.240351318339858,7.597060615863216,7.145253964331848,6.365112966578048,5.488123307060437,7.675763012907916,6.58107056466499,8.45458302227851,9.737938560588118,8.615703483017434,9.994628940581034,10.16651749442748,11.142285749369382,10.79668311680027,10.456791338622953,10.308951304711307,11.078583801204015,11.791119762268087,10.834324337775936,10.662788234539969,10.061729189702385,9.19562545590179,9.398002504443376,8.79553811619056,8.812333095400048,8.798612625812094,7.539763029421083,7.86876813209768,5.8871857086642,5.083954572977614,4.629962186060269,4.213061070065326,5.326780727813,3.2277764229391037,4.313473758304471,0.0,0.0,0.0,0.0,0.0,0.0,0.0,0.0,0.0,0.0,0.0,0.0,0.0,0.0,0.0,0.0,0.0,0.0,0.0,0.0,0.0,0.0,0.0,0.0,0.0,0.0,0.0,0.0,0.0,0.0,0.0,0.0,0.0,0.0,0.0,0.0,0.0,0.0,0.0,0.0,0.0,0.0,0.0,0.0,0.0
12.842219909701164,12.732294173001423,12.306682439207815,11.938149632666068,11.88027646118751,12.571025855898515,12.805893597979592,12.489723782361281,11.337624950223965,10.679423725006185,10.492346300138259,10.798662500644465,11.293022311129647,9.033295521810464,8.16112622635044,8.201207101209247,8.308583308532508,5.2590745511662975,7.125496181688276,7.061745249945299,8.20886423949897,9.090121548258526,7.462990169646732,9.250461976859587,9.225196438771642,10.313793031679714,10.216850187696059,10.398750374046154,10.289257088995006,11.878398032896733,12.862733396031887,12.482525704940848,11.510118575022108,12.023686831950256,11.551278655254317,11.099084461644976,11.275549095403559,11.397847179631249,11.371096916279669,9.830262699528939,10.766076026588378,9.315509024193203,8.242581163660143,7.798490131869951,7.1274925564412195,6.246885092438069,5.796283960951754,4.1158419529382195,4.540864608059238,0.0,0.0,0.0,0.0,0.0,0.0,0.0,0.0,0.0,0.0,0.0,0.0,0.0,0.0,0.0,0.0,0.0,0.0,0.0,0.0,0.0,0.0,0.0,0.0,0.0,0.0,0.0,0.0,0.0,0.0,0.0,0.0,0.0,0.0,0.0,0.0,0.0,0.0,0.0,0.0,0.0,0.0,0.0,0.0
14.031556055252747,13.676212167971109,13.363589511665682,12.180148121184734,13.545201590163988,13.235633000591397,13.801084718137401,14.490721632374836,12.379572069704025,11.710492072449389,11.73110756162435,11.603069286874055,12.417152070709168,10.253111107159913,10.267687631287776,8.617306881433432,8.509104607836242,8.076041336614121,8.134449387164272,7.184954148893366,9.606820621620871,9.968801641529888,8.683277075494871,9.840721434645937,10.003027539515223,10.690857140220329,11.820505950220573,11.289745403945123,11.14070517081163,13.136893086552085,14.29032030332942,13.045747249477278,12.180322278752891,12.66432181066278,11.957926254812287,12.13937848125529,11.587440542125814,12.113796007795532,11.826766989253656,11.813524157469903,11.730274628096138,10.4979197899441,9.847450234314465,8.379011663633605,7.692434117709427,6.178012064685534,6.787944955904811,7.534291260738815,6.575324180814205,5.873959266936143,0.0,0.0,0.0,0.0,0.0,0.0,0.0,0.0,0.0,0.0,0.0,0.0,0.0,0.0,0.0,0.0,0.0,0.0,0.0,0.0,0.0,0.0,0.0,0.0,0.0,0.0,0.0,0.0,0.0,0.0,0.0,0.0,0.0,0.0,0.0,0.0,0.0,0.0,0.0,0.0,0.0,0.0,0.0
13.467103386959945,11.710506370408114,12.118121045182583,12.308472431234026,12.764204495565286,13.050425297348436,13.676779372106363,13.634344332487133,12.71810385330911,11.969053174798246,11.00169783221699,12.634252794947868,13.0334191822409,10.612410010781435,9.299038322619603,8.248311746269536,8.56638527756883,6.027563265876851,5.899759259381796,7.37840565618535,7.507946418887659,7.186477595386839,6.669178592089941,6.886838111103526,7.380896411178523,7.5218088087140345,8.95126438564564,9.006331484172012,10.038186135631925,11.24573479174518,12.661134426191559,12.397296918481382,11.787331055242829,13.008669874767252,12.163626341585843,11.906468897825752,12.168911322817214,12.56814489671117,12.731571034994385,12.582510279000491,12.418599505997609,11.701216024755206,11.276004220851819,10.13893039587293,9.386053028920516,7.777494175648607,7.815386796423167,7.252276281927718,7.899253404126747,5.634302519999527,5.966024408556174,0.0,0.0,0.0,0.0,0.0,0.0,0.0,0.0,0.0,0.0,0.0,0.0,0.0,0.0,0.0,0.0,0.0,0.0,0.0,0.0,0.0,0.0,0.0,0.0,0.0,0.0,0.0,0.0,0.0,0.0,0.0,0.0,0.0,0.0,0.0,0.0,0.0,0.0,0.0,0.0,0.0,0.0
12.415531873352185,12.119208051646154,12.100266922760216,11.884826165868981,12.520754805776088,12.450189553852905,13.083644457510136,12.826616786594196,11.859865446074842,11.231361032289184,10.789186952743195,11.764597561358569,12.537746300395499,10.159309549277943,9.555522699571386,8.439832109581564,8.737465076555328,5.806293972976567,7.338369425243541,7.50798364248511,8.318063243202952,8.62338313229054,6.881870430504978,8.917509297187415,8.542323105398436,9.369902471612178,9.69610590238803,9.356043729580575,9.588065474641535,11.19224784938325,12.25898516940342,11.768823546950136,11.110886648854267,11.571516111228684,11.257711503592239,10.781119535722066,11.137325431426747,11.519115881477491,11.55113433672832,10.409987290522935,10.993262436054186,10.023337665449768,8.912760827910956,8.676244838783193,8.433617513768572,6.857622286618301,6.383971011711877,5.905178400435444,5.558288832646608,2.753164495308806,5.389418314386442,4.696367816094905,0.0,0.0,0.0,0.0,0.0,0.0,0.0,0.0,0.0,0.0,0.0,0.0,0.0,0.0,0.0,0.0,0.0,0.0,0.0,0.0,0.0,0.0,0.0,0.0,0.0,0.0,0.0,0.0,0.0,0.0,0.0,0.0,0.0,0.0,0.0,0.0,0.0,0.0,0.0,0.0,0.0
11.354909780258053,10.437859489012151,10.673246378914008,10.68182579677744,12.295061521148277,10.502980360956789,11.950363235411956,11.843719591552142,11.090084429908368,10.810119005848177,9.560826317107743,11.139169429490693,12.802742865814222,9.818350318400032,10.571545904294224,9.474695978293973,9.033967018148783,7.115250858332404,7.813615984094253,8.203747439469353,8.510864334490357,8.580193055933472,7.174776418114697,8.036197017009973,7.2858680443307495,7.356758281627854,8.87032924235059,7.464894825903444,9.165339567961952,9.859856999013727,10.668117714723108,8.801321137176167,9.293027074168245,9.98298697979763,9.229678181940528,8.819489427182505,10.473653180974678,10.186718468796661,10.918677702139576,10.569789605745472,10.861148681629214,9.49557945432505,9.850986504741542,9.078046385160631,9.234378298445433,8.833219080748535,6.122988227311364,7.513719284721467,6.653405799205395,6.444178739779414,7.15706438955945,6.076752941463723,5.747479481148584,0.0,0.0,0.0,0.0,0.0,0.0,0.0,0.0,0.0,0.0,0.0,0.0,0.0,0.0,0.0,0.0,0.0,0.0,0.0,0.0,0.0,0.0,0.0,0.0,0.0,0.0,0.0,0.0,0.0,0.0,0.0,0.0,0.0,0.0,0.0,0.0,0.0,0.0,0.0,0.0
9.032112683830125,9.797657432031698,10.254086817475264,9.97714889324826,10.762551576237207,10.939075217463722,12.051487150449976,11.724214554088517,11.340461972260082,11.433753401002882,10.71277067102274,11.274445605928701,13.422486747543541,10.08788641636349,10.951925329043519,10.094885150195864,9.795616284417484,7.295263302783869,8.47351167733533,9.518824754174489,8.650723923769906,8.041038263784968,5.54593553840538,8.509720382112741,7.0710431337494315,8.008609444933935,7.648521332371702,6.777710587467202,6.843622240516493,8.288605312741401,9.494671483272604,9.478878570574105,9.673373388938783,10.390930117612859,10.013838945040908,8.668346701054878,10.25107109344609,10.4253174350412,11.106058680017181,9.681977249739331,11.70421845124915,10.504818427433433,9.483808710722975,10.355812140707894,10.73519386112263,9.050242854699812,7.529394725002573,7.609772215613046,7.5323685191913565,6.168134941519194,8.787817270361565,7.66521889118928,5.295559157192846,6.436913158920586,0.0,0.0,0.0,0.0,0.0,0.0,0.0,0.0,0.0,0.0,0.0,0.0,0.0,0.0,0.0,0.0,0.0,0.0,0.0,0.0,0.0,0.0,0.0,0.0,0.0,0.0,0.0,0.0,0.0,0.0,0.0,0.0,0.0,0.0,0.0,0.0,0.0,0.0,0.0
10.076318874234012,10.605616255358555,11.044370422996758,11.41541315834099,11.660577223755505,11.489787041014669,12.295843996212227,13.083764546720511,11.809776556564506,12.046799544060015,11.620903454112705,12.124177468728531,13.487105096206582,10.875781931961976,11.321417005970789,10.272828189245871,10.747546564472497,7.296020453076087,7.414706334977389,9.372971662709995,8.447432816774846,8.415701206870024,6.210613137275847,7.658805727049393,7.003758818233577,7.452710564777395,7.401763763355637,7.161593509485484,7.623554001994975,9.365424650865789,10.72648640655707,9.594633503523863,8.786238261686773,10.23946671351736,10.787941927672376,9.393364478034725,11.04370564631019,10.671386270777173,11.686006933490523,10.941606696025477,11.684618150555908,11.060019414825843,10.888359057506719,10.260375540858755,10.943188526785901,8.795019964983855,7.90581335915832,8.078221316134629,8.181645502600599,6.055797324066879,7.796767399858006,5.968279759610187,5.2770466066453325,5.192685208106167,5.30789387285556,0.0,0.0,0.0,0.0,0.0,0.0,0.0,0.0,0.0,0.0,0.0,0.0,0.0,0.0,0.0,0.0,0.0,0.0,0.0,0.0,0.0,0.0,0.0,0.0,0.0,0.0,0.0,0.0,0.0,0.0,0.0,0.0,0.0,0.0,0.0,0.0,0.0,0.0
9.322158014669993,9.26873991307648,9.891645747178625,10.481011139002572,11.245963267819125,12.013920812845404,13.164375153315168,13.664335919709819,13.115491804610759,13.685287610344036,13.090130435482147,14.036124412150814,15.898377721929146,12.25483272767858,13.939176036856555,12.866335898917608,12.045448171285118,10.434647268840283,10.430522639847268,12.398198666502967,10.540773169407261,8.85846838320965,6.292157200472884,7.421248969255509,5.718877627636036,6.990350690136798,6.936175186427747,6.715811977808491,6.200307467628116,7.738526769216218,9.12549907241489,9.231035843939724,8.471867585512653,11.002565325740402,10.46953789579774,9.613139964559133,11.067583554270417,10.937222302779576,12.507782429506678,12.483036228821936,14.11477870883607,12.935477764755193,13.369174812106992,13.050317557218444,13.492188023203502,11.559408697725676,10.234398902349739,11.206040107079632,11.312206127624089,9.992881612309883,10.787387391854248,8.793677209180697,9.1956820524146,8.23145763269641,6.522087697619604,6.256089960502853,0.0,0.0,0.0,0.0,0.0,0.0,0.0,0.0,0.0,0.0,0.0,0.0,0.0,0.0,0.0,0.0,0.0,0.0,0.0,0.0,0.0,0.0,0.0,0.0,0.0,0.0,0.0,0.0,0.0,0.0,0.0,0.0,0.0,0.0,0.0,0.0,0.0
8.981792968744719,8.985624696380828,9.942469430112894,10.349741138491147,11.53388609015613,10.511678462441859,12.142930815822359,12.796628708791392,11.686230120248773,12.233051360163417,11.49411855393462,12.698806838671736,13.908978341107337,11.38519127434713,12.411211695479052,10.810265290989673,10.712512024976963,8.45691332101944,8.529307568513826,9.980792810221041,8.849021614554687,8.526545840447762,5.729738256136209,7.259686479590976,5.754721485694684,6.263227872958164,6.8396842023271835,6.140754792872621,6.478028723766189,8.091878983170227,9.359896271676362,8.09021090494803,7.580355097308307,9.102269656596263,10.560418147065818,8.533116142436832,10.574205990721811,10.421164964839825,11.215189900889776,11.388584155937956,11.421245468674773,11.473843695087188,11.283785872336821,11.09825701786024,11.60114611746443,9.596606451731573,8.787323013119273,9.764267393966907,9.162941679946023,7.75042229538346,8.21910743174878,6.843781533039643,6.500897535247578,5.637307604327444,5.802516916585614,3.160527497404292,5.501631004115417,0.0,0.0,0.0,0.0,0.0,0.0,0.0,0.0,0.0,0.0,0.0,0.0,0.0,0.0,0.0,0.0,0.0,0.0,0.0,0.0,0.0,0.0,0.0,0.0,0.0,0.0,0.0,0.0,0.0,0.0,0.0,0.0,0.0,0.0,0.0,0.0
10.03320295252842,8.140592534609873,7.880488101666419,8.30613026339131,9.873471087483166,9.572894685076662,11.123024182410317,11.749634024416293,10.949747860162853,11.900277666093551,10.283605169347227,12.749087125344504,13.556259357799332,11.067356406797018,12.925122898878952,11.090802677977145,10.237833940972328,9.433216681732961,9.231304703539918,11.216604163637271,9.2709607145983,8.044431209126843,7.160581086814377,6.7562913353647644,6.442506391896324,5.9006842194465055,7.103914847823346,7.068000418712849,6.720209560745408,7.294112335090884,8.0543070858252,8.342556809538008,6.872430655797772,9.0257791500753,8.626156110084839,8.353795703972475,8.982927668825237,8.888363741094757,10.247918229412498,11.437549605044342,11.302010852117467,10.799323312787937,11.663228919176927,10.645851320938734,11.447128177019989,9.2164851054632,8.527368478903005,10.727565767823812,9.827712779656567,9.512285864372979,9.494161011296628,7.4013462968903845,8.59929335652349,7.325655302075371,8.10809150930908,6.930654271646334,5.690017089095689,5.808295117307406,0.0,0.0,0.0,0.0,0.0,0.0,0.0,0.0,0.0,0.0,0.0,0.0,0.0,0.0,0.0,0.0,0.0,0.0,0.0,0.0,0.0,0.0,0.0,0.0,0.0,0.0,0.0,0.0,0.0,0.0,0.0,0.0,0.0,0.0,0.0
7.843646321666985,7.864287920433801,8.974027423382491,8.361436782018986,9.69609265635292,9.637108574839447,11.871580193944347,11.251925415893762,11.394441003874478,13.581885162288774,11.815354492815693,13.506899955011882,14.821381972376159,12.685629407944488,14.584330433948622,13.937912337502341,12.54963731791481,10.88508516318545,11.72181575135129,13.507474657485018,11.104182619594296,10.133062643562852,8.110157085034961,9.769525697791066,7.786309076744899,8.833492711487343,6.808552105822501,6.910463364565362,6.3770407300713545,6.059426084770734,5.496415912758879,7.7865074369542615,5.6841352316552065,8.284992232445907,8.763103182945468,6.380863512759381,8.577422633125932,8.82010183776032,10.585663020595357,10.259245850861797,12.195366279037954,11.38840727450507,12.49936685270098,12.760185582476769,13.577456075995974,12.445873456029512,10.30940818321719,11.767849948969832,11.053651203086698,10.82889301806168,12.481702455702909,11.160805704354324,10.10800291284604,8.964637325569841,6.831956849151274,8.119323514805318,6.252247190077822,7.011859579156163,7.160977877617343,0.0,0.0,0.0,0.0,0.0,0.0,0.0,0.0,0.0,0.0,0.0,0.0,0.0,0.0,0.0,0.0,0.0,0.0,0.0,0.0,0.0,0.0,0.0,0.0,0.0,0.0,0.0,0.0,0.0,0.0,0.0,0.0,0.0,0.0
8.020964489230705,7.0769745937018165,7.989258632599211,7.741669078616058,8.79331780372693,8.107377120237098,9.89567596219903,10.013545375043547,9.92812664075333,12.182387437973723,10.482213907061809,12.028051058454981,13.484973250904021,11.540465334950147,13.737558465968398,13.076101824343523,11.873681422713851,10.194864350019573,10.386600211699843,12.903608955369812,10.450844652725443,9.88924714701018,8.758472767101052,9.378010287587658,8.146203421588487,8.497249889158256,6.498885551969661,6.532113234757953,6.650296874077801,5.7104598293920255,5.5945540350548955,6.7471699813361745,4.653635872842224,7.4697597304163,6.573472113756092,5.428981148971139,6.990437758565696,6.919907349754257,9.241282701200088,9.492350067650529,11.030961950281398,10.220786543593404,12.09849823056151,11.61315918345512,12.656020539122872,11.498560903373953,9.213247135932127,11.083830140666235,10.572910379436685,11.030796058436806,12.117990447702127,10.518487687070229,10.476396110980339,8.299417014218529,8.055135305557878,8.014619802955881,6.702579421743242,7.375492578667274,6.291445618554214,4.116011278203692,0.0,0.0,0.0,0.0,0.0,0.0,0.0,0.0,0.0,0.0,0.0,0.0,0.0,0.0,0.0,0.0,0.0,0.0,0.0,0.0,0.0,0.0,0.0,0.0,0.0,0.0,0.0,0.0,0.0,0.0,0.0,0.0,0.0
8.117109233090375,7.719324529927602,6.282380261372435,6.44843654834573,8.720551327307351,6.721065964536056,9.002605943690677,9.543423054342558,9.120447106280317,11.062512096866651,9.40106668935079,11.374489949488767,12.99975263038024,10.67575094214674,14.029476109681395,12.651861565562635,11.437463567837975,11.357473454738118,11.574809771711939,12.908642299843194,11.371204048872793,10.792901228520067,9.359796969943085,9.81926282029975,8.742191698000049,9.061790433541322,8.837977845140879,7.572492144307645,6.916365571903351,6.261369898218838,6.1235000573993625,5.094736612213136,4.2937936716671645,5.389062527602551,5.970326833302343,4.653411417906758,6.8696717695346985,5.659823936712518,8.09382344738511,9.219328439693209,10.027415473241199,8.688472367615667,10.68806018351885,10.23668371822286,11.713563159597552,10.916986307496268,8.409921097265691,11.858888681671496,10.024612403652371,11.420517956677184,11.907630248157732,11.54108639420696,10.983515046618045,8.187387304025686,8.99408142435713,9.016569179196575,7.826825947232823,7.849672634398012,6.083451319518058,5.991566844479082,5.076550731587442,0.0,0.0,0.0,0.0,0.0,0.0,0.0,0.0,0.0,0.0,0.0,0.0,0.0,0.0,0.0,0.0,0.0,0.0,0.0,0.0,0.0,0.0,0.0,0.0,0.0,0.0,0.0,0.0,0.0,0.0,0.0,0.0
10.264735117595583,9.493024975384875,10.501399396864258,10.179310537040317,11.800503090832231,10.049108296950731,12.62900782778852,12.523313333602895,12.712601549648916,14.412078884630072,12.320900232422142,15.55373966309389,16.346515977486977,14.175170254820435,16.59907610434388,15.564703617727515,14.13126956171313,12.55943143029174,13.734535534774055,15.398834753292213,13.652570341693904,12.614966995852544,11.282166057499012,11.70221407964322,10.417723944566779,10.187608613570706,9.716964897358642,9.98083474528058,9.788685382607259,8.207960203972727,7.848374406579305,8.037158405806371,5.916411018178507,7.9240435600095624,8.245164591936842,7.392058735450091,7.7049068579977655,8.558147865179885,9.938229269814618,10.429839292535863,11.282847841007873,11.606435473503483,13.021119473048392,12.968733195810916,14.481625056532849,13.018459992084319,11.166778115313548,13.07942352566004,12.173034027936504,12.55285953702283,13.244733798959494,12.038742391304336,11.585840486393037,10.093383751319477,9.772026320980977,9.96735335460064,8.53306349595478,8.706245612903192,7.288645574818755,5.609266481724685,5.519410897613985,6.8456458335588035,0.0,0.0,0.0,0.0,0.0,0.0,0.0,0.0,0.0,0.0,0.0,0.0,0.0,0.0,0.0,0.0,0.0,0.0,0.0,0.0,0.0,0.0,0.0,0.0,0.0,0.0,0.0,0.0,0.0,0.0,0.0
13.688945032105286,14.18774894769431,13.532606519605192,12.71170168349226,15.171292355595188,12.531677060611,14.603035763450135,15.46028316816985,14.890761712455678,16.24271332145587,15.052580964469183,16.891947408161677,18.35619129019517,16.21977646605359,19.237113090658898,18.11598993598473,17.09110317741953,16.133847728809144,17.347679972438595,17.910225483834648,17.69772890935727,17.24730384583773,15.269127632884294,16.055060507503544,14.596338916187168,14.672321789481718,15.286415779406891,14.389744764491134,13.491012475187658,13.184898684199283,12.887581334706251,10.17048437354603,8.35279247600609,8.501453078798294,9.260429843960212,9.430128253097303,9.974876554354994,9.763083976014084,10.438304615626043,10.72056765909926,12.37358563450611,11.559631547951689,13.442227476077019,13.329101273160466,15.396106098257441,14.329173311356799,11.97327432101017,14.873807218914775,13.323687308733268,14.316284014416066,14.375119772450592,15.438076067409048,13.768321876148306,11.7197194452939,12.594271894837945,12.505271457559191,12.221534036119852,11.61567984688094,11.433793947860218,10.132390554799986,10.308546725397328,8.585014728928599,7.77953676631199,0.0,0.0,0.0,0.0,0.0,0.0,0.0,0.0,0.0,0.0,0.0,0.0,0.0,0.0,0.0,0.0,0.0,0.0,0.0,0.0,0.0,0.0,0.0,0.0,0.0,0.0,0.0,0.0,0.0,0.0
12.972467412998808,12.878225167057183,12.412656506043216,12.27963475026908,14.464372735307848,11.105112981049766,13.277820451910008,13.523497283322536,13.692028867098257,15.196305007038914,13.611029207333882,16.38103250762222,17.350553837185515,15.897426840244368,18.518374808631453,17.28858501440809,16.548439426853395,15.153460366833576,16.610990978922032,17.463816458773152,16.82124021039519,16.658034561152313,15.001765479951283,15.827376963663815,14.396083091810633,14.311480568942404,14.396145566192917,13.470496659321661,12.973828213509881,11.959144410398094,11.370597939361192,9.141242420324492,7.661327622558639,6.894478672950191,8.497026650596373,8.202846732354566,9.032100269141003,8.932057110086063,9.538523092281949,9.731571215975404,10.683939826296852,10.746435989791033,12.612514063435409,12.940521421229517,15.051804578816322,14.140589186995568,11.698532998489064,14.519512993120923,12.802090528310444,14.000873645225893,14.854691172531862,15.039906605503374,13.211549387964304,11.468137308045975,12.186523628338845,12.290806071986514,12.76753563036156,11.455010427671903,11.236912504659854,9.510829742199995,9.535716835589024,8.365186746151995,6.912570154863967,4.35814482673946,0.0,0.0,0.0,0.0,0.0,0.0,0.0,0.0,0.0,0.0,0.0,0.0,0.0,0.0,0.0,0.0,0.0,0.0,0.0,0.0,0.0,0.0,0.0,0.0,0.0,0.0,0.0,0.0,0.0
11.890431493953447,12.225779228154785,11.610266217269137,12.30557542922313,13.107700301583836,10.69165793024094,11.55659307451481,11.967724323577812,12.445498593159536,12.395663213809899,11.826945764427094,13.937366669557774,15.650167492748983,13.007814088823148,15.523290570359107,14.71573860913206,14.452326627474207,12.322749239029413,14.004676487358115,15.237829704961268,14.98921874328679,14.965518755520938,13.295560742016214,14.382125407518876,13.305673962569502,13.263353205321044,13.163059166854033,12.282243927410008,11.941535934781127,11.020303741231455,11.69084109692921,8.933599768835851,9.113022406129812,7.9496191036935215,7.31893019696383,8.312086397141453,8.156253172779826,8.082539976438285,8.469266747717892,7.112321434688184,9.345891176386337,9.138730823522488,9.782354286295298,10.677248356150942,12.83944987101083,11.496029976270068,9.228327767755195,11.027676793802096,10.337582099441821,11.426374236621387,13.211756331900009,12.785763349481643,10.901245994941313,10.154984185758241,9.625117156510095,10.415679166855352,11.262326193073791,10.656056117586656,10.791759508723542,9.867321426192621,9.07645580995688,9.269344569510888,8.056368147111947,8.104230277503222,6.615477876096026,0.0,0.0,0.0,0.0,0.0,0.0,0.0,0.0,0.0,0.0,0.0,0.0,0.0,0.0,0.0,0.0,0.0,0.0,0.0,0.0,0.0,0.0,0.0,0.0,0.0,0.0,0.0,0.0
12.351804722837064,13.386443759721287,12.55723580636921,12.18902492666251,13.547195824215468,11.25614526287503,12.59076839529914,13.37862560488842,12.687341814723682,13.301974111916621,12.806018617001929,14.700653813596183,15.902401228188685,13.412704158623868,16.60541758601391,15.476892796081518,14.473054110335523,13.026902680265176,14.799573111306529,15.3430295206553,15.378162901250592,15.250731226906762,13.40224086398102,14.366232490096351,13.498361042678477,13.67888210566931,13.54406419455401,13.188307382492265,12.268520287042321,12.01716416751057,12.06094290891674,9.610978168055736,8.072794743391164,7.7547745117642854,7.575429221590617,8.8996583296194,7.758800719209187,7.827913217875054,8.826667751767934,8.210983987088575,9.651002111353826,9.169451633380266,10.43660271928083,10.199037647250254,12.645391673597937,11.291947952625357,9.310337757285799,11.795699728540962,10.161946641288765,11.412671585475724,12.018169648436487,13.013173353615482,10.997018597716565,10.1907957044433,10.517434939805664,10.473191841178343,11.175065599804594,10.327457229778103,10.09324867645819,9.681796964319176,9.365727993872126,8.471194974336324,7.199686004896326,5.155023096330414,5.54032796329026,5.322972440009436,0.0,0.0,0.0,0.0,0.0,0.0,0.0,0.0,0.0,0.0,0.0,0.0,0.0,0.0,0.0,0.0,0.0,0.0,0.0,0.0,0.0,0.0,0.0,0.0,0.0,0.0,0.0
11.712587987179266,12.38519177673067,11.029556915339665,11.078801681522961,11.080928376378264,8.785127295975851,10.00776773931528,9.924774182580277,10.1580918530476,11.37860696419452,10.003732697946104,13.091228477775338,13.140864587181964,12.030973336543557,14.983824419213407,14.65705349374546,14.017109266192369,12.93594126706735,14.820219005526715,15.364566153810395,15.22951331432873,15.50141256503126,14.324840686913722,14.884436178810939,14.333267237291572,14.80000501038145,13.859789931630134,13.588500471686197,12.722982993397617,10.932235607121537,11.007249258138248,9.297177026069795,8.449952068190683,6.231487178757973,8.442169265985195,6.983775506712682,6.30824804694909,6.175283713903274,6.239103502595223,5.290642316628578,6.684040972575797,6.714632814727549,8.699876728403455,9.61978239741669,11.762978508912443,12.053859953971426,9.665301026617307,11.942173819616816,10.267691350493353,12.670770358455757,14.3964188148774,14.83426725110627,12.79815513655152,11.98400453303052,11.995403406390341,12.69057680063127,13.845355836958904,12.501110843679935,12.173225699014251,10.645311304638113,10.185058741377784,9.040482817899552,9.1175093793654,8.759785092353349,6.950825606810462,6.843776128674579,6.8339611876945865,0.0,0.0,0.0,0.0,0.0,0.0,0.0,0.0,0.0,0.0,0.0,0.0,0.0,0.0,0.0,0.0,0.0,0.0,0.0,0.0,0.0,0.0,0.0,0.0,0.0,0.0
12.943748596155055,13.456953148046066,11.683303751362752,11.256638240579909,12.582802554557986,9.82081435706581,10.479259154399497,12.367035311942065,11.334295836951759,12.564010057709519,11.813315904116251,12.9505499874874,14.13239883888135,13.221507940031348,16.132730311894075,15.030635664161577,15.139492980821053,13.84873432000578,14.797754476629999,15.761162111459228,15.708739640605351,16.303193756861106,15.123345437984703,15.670096739459712,15.090981274988911,14.666994844718735,14.907434181493674,14.126809883914554,12.958093133305955,12.710227504432247,12.856615051415165,9.86158241916022,8.497482875153674,6.651872675684566,7.568459248830434,8.14442580680541,8.016459804044858,6.888061478124665,6.798989533492895,6.943510423800842,8.02799086335566,7.747502140521547,9.48304163944786,9.482279540445216,12.324952968081702,10.778405488542075,9.254127462154361,12.23000165763567,10.699390230764271,12.524491478961648,13.422370310877508,14.391868983625926,12.516640710809988,11.352740361399531,12.210534273810419,11.89065641320018,13.611259203182854,11.968125209106312,11.534706449552626,11.664766416304527,10.576273662143674,8.98446306355271,9.978842325457094,7.200457380954762,6.361829483783886,6.353787875550297,5.902282646397573,6.146800578512856,0.0,0.0,0.0,0.0,0.0,0.0,0.0,0.0,0.0,0.0,0.0,0.0,0.0,0.0,0.0,0.0,0.0,0.0,0.0,0.0,0.0,0.0,0.0,0.0,0.0
14.377136017531447,15.125327588643527,13.723092768470998,13.508779900882981,14.25196072081105,11.94751118466118,12.99101631379869,13.89476220926418,13.54655516093062,13.306332833196379,12.912196815418358,14.55178736718964,15.664963378519499,13.586130818634347,16.590450914179517,16.040122191744675,15.476832569586065,14.49207486594656,15.986157002976457,16.539145679187907,17.29335944430983,17.572572696689832,15.701395172285892,16.72412799491202,16.087939629505076,15.959298626452856,16.322422894242752,15.75795134889685,14.764420577451354,14.064864110385141,14.767889213643533,11.60344820109712,11.083956139452376,9.161629330790946,9.817458281624068,10.6340735583211,9.03430006722275,9.062122073633912,8.267023264900129,7.555234234239531,8.592288781940235,9.177152158692804,9.156824620380146,9.782980521279187,12.539594799242916,11.173096950393834,10.299440776477214,12.40322031473848,11.089051198578714,12.79078637991523,13.45705732260586,14.792335414881181,12.817904623027276,12.660692894790552,12.72459069513613,13.001049050812961,14.266384852998884,13.012236411236772,12.89455811648949,13.158407081421366,12.509661723735778,11.383705556143877,10.70425095549427,8.352611528641805,8.415300584644376,6.165830375302259,5.629537645339981,6.904202522885318,5.700435400981398,0.0,0.0,0.0,0.0,0.0,0.0,0.0,0.0,0.0,0.0,0.0,0.0,0.0,0.0,0.0,0.0,0.0,0.0,0.0,0.0,0.0,0.0,0.0,0.0
14.16609112354262,14.146788236747378,11.809067563313116,11.153168925671887,12.020154442464289,10.259271770641277,10.751880619948153,11.732251443999528,10.97754321311235,11.459743860045606,10.67656913678514,13.003022826179034,12.988838381870412,12.142223438509891,15.344436241186346,14.219087532635593,13.689606358428025,13.835095587140444,15.233727333819377,15.454686489263798,15.964918681852815,16.335305895856436,15.467969880751895,15.89260771336891,15.8269720750418,15.741527776482592,15.906373129287298,15.59345361163437,13.973992324133501,13.309227144338358,13.588240905683927,11.891908969215875,10.73025214907166,8.56731571600942,8.952598094748918,9.954030775396717,7.245231446135725,7.444099927668622,6.143496248182541,7.002394217003066,6.864031733416521,7.076631722162246,7.921543831301635,8.309663179288377,10.811255375386938,9.773587043421314,9.389928711665927,12.302701041831972,10.279278936856075,12.863922129690383,13.278945637681215,14.74180749262929,12.999212839796762,13.305848646782097,13.380593560781149,14.069358862384725,15.095916457105377,13.882974229737986,12.206548430657946,13.375942271404021,12.630394166574256,10.784400205264731,11.304504616561179,10.31308657019095,9.596272283466584,8.762612337771936,7.754410628355518,6.498108747310172,6.268682475376061,5.839826309303471,0.0,0.0,0.0,0.0,0.0,0.0,0.0,0.0,0.0,0.0,0.0,0.0,0.0,0.0,0.0,0.0,0.0,0.0,0.0,0.0,0.0,0.0,0.0
12.510176172576468,13.451332231763551,12.17378189170157,12.680976334683383,12.809865360238609,9.831675935238305,10.283000859092237,10.982240502978252,10.491726369805686,9.68620478997321,9.955078381760739,10.9859424331552,12.191973255342917,10.495168491848332,13.07253482314352,12.396613719246075,12.414051869510615,10.78549294143295,12.145073618334935,12.791743380083107,13.705093515310285,14.85101746372783,13.19611462394226,14.482781269649141,14.192365527885052,14.17735360495745,13.78465655030984,12.941971869931567,12.852028014468727,12.389394224573694,13.220299503814163,9.939107480958437,10.411893033350083,8.030140399177899,8.80156125372817,9.391339164023625,8.56341711324288,7.9569981865765795,8.028362280770592,6.6394492205923985,6.141441275944596,7.060820583225437,6.537855295454314,6.756321151249991,9.654555011801424,8.814822785388257,7.59672001280168,9.574167618426225,7.722165436585777,9.960666706823645,11.24104486871216,12.18139836893975,10.039294202458855,9.78261590765476,10.743400628391598,10.286221808630446,13.456519618521574,10.97127772022311,11.902531686764165,12.481893854287497,11.21786739723732,10.548727912370333,11.514635693468552,11.018496388432498,9.79347137736237,6.568580194874688,7.434488942772058,7.403081364655937,6.616915185908759,6.322997522117178,8.038657965767234,0.0,0.0,0.0,0.0,0.0,0.0,0.0,0.0,0.0,0.0,0.0,0.0,0.0,0.0,0.0,0.0,0.0,0.0,0.0,0.0,0.0,0.0
14.506365993380285,14.855896194105592,13.338038596373943,12.60062359678282,13.145474979575331,11.920352002317046,12.95995444626036,13.483484856300912,12.900691295858373,13.127512293999194,11.65153731317031,13.085290340042135,14.24661667477921,12.548364091814758,14.099771894037861,14.091863503177995,14.049040103747304,12.271905841437182,13.286298231264313,14.308433762641528,15.045755027295906,15.111512663262701,13.71953915090907,14.688496980273372,14.33127571273053,14.195444547987922,14.666944070030402,13.927251637803492,13.677342298025922,13.306001911381946,14.017742789127963,11.647820670049999,10.160436927508778,9.218538009679682,9.272499974393584,9.495035096489321,8.979428912259454,8.6835300775654,8.714777477004217,6.806416997519693,9.081648486346298,7.372110436252296,8.537368472445124,7.492421328285537,10.497292676157029,9.432410052483936,7.530620273102446,9.83644110441583,8.653964881463294,9.756286546116048,10.998119304972102,11.971738103702737,9.966983909223693,9.458784827783111,10.694911828904669,10.300073516718442,12.852871988942239,11.074795014661717,11.241896018529303,11.671510399502713,10.977161779148561,10.083748521826642,10.383045684398196,8.441635157675318,8.269110368266709,6.790947073619408,6.174522976651719,7.438557291055571,5.694507610043729,5.895335782981323,7.752389983950305,6.075623602791733,0.0,0.0,0.0,0.0,0.0,0.0,0.0,0.0,0.0,0.0,0.0,0.0,0.0,0.0,0.0,0.0,0.0,0.0,0.0,0.0,0.0
12.662354317945814,13.061173702475669,11.24884354755021,11.0482446551378,11.09586906116425,10.076014508239108,10.202212309122208,10.841534092536767,10.153231561399405,9.690456674137756,9.682899408041013,11.240120211630346,11.69309628495712,9.726361993749101,12.46569057169321,12.133331246891801,11.74935025897011,10.92337869657374,12.838341114871188,12.90934573237548,13.822010192927113,14.47873231401458,13.020360760459894,13.873615349014148,13.616942277993287,14.010814985045695,14.011913202798574,13.848481536551256,12.436051099117838,12.194981378436008,13.00274196884911,10.91024495963152,10.241622566782326,8.544464541366533,8.745065708703965,9.132817049051239,7.39280806028413,7.396052407816212,5.959458529061259,4.739437820801744,6.2230564529399075,5.8330750157357825,5.396454416855663,6.730144780444847,8.576853503377622,7.823871612291513,7.015649786673403,8.600332937557027,7.456418832872855,9.54990583425753,11.166049632593479,12.33796592552715,10.16915858238945,10.905396666742618,10.440941614704393,11.304177845551333,12.946424843736937,11.678917865270611,11.37487904589873,11.976282579604616,11.466774071028041,10.38739129097205,10.97922340533159,10.4268276027918,10.043018389982016,6.98815764722584,7.102247056787098,6.337927037768503,6.583669457516146,5.067340882849798,4.872157018420896,5.964443557878723,6.2177622539898545,0.0,0.0,0.0,0.0,0.0,0.0,0.0,0.0,0.0,0.0,0.0,0.0,0.0,0.0,0.0,0.0,0.0,0.0,0.0,0.0
14.399202635715632,14.942559858872944,13.731801251549667,12.91210463588721,13.752857771792051,11.96115302179702,12.561462345906376,13.593024370212687,12.078982000919448,11.617452922065144,11.33671806217743,12.580100050432826,13.01435951298553,11.505191222667532,13.279840613915514,12.418899311754645,12.531244913128145,11.138180721850405,12.800873667838113,12.467765675749604,14.11653526119281,14.865562123480196,13.528127579710016,14.386390158681223,14.277602826048916,14.190357778812345,14.924242134396641,14.562520485046537,13.765163836332244,14.131141139808914,14.879334385719309,12.231285270050076,11.264929331323122,9.886355286009552,10.376090728989844,10.735191440926613,9.497053062588467,9.656362790879545,8.44969605495961,7.532309156256466,7.578300075073302,7.557308479544818,6.934943409560023,6.817761103688511,8.992006210084599,7.583113678779976,7.310176688557232,8.828692518210117,7.321562639129709,8.741902272779363,9.17255013705022,11.395100752891482,8.997451474557893,9.871770939218555,10.856973445622174,10.53334148371658,13.727510305120736,11.097850500757163,11.764881548083048,13.099137474872153,12.647625523049772,11.627517472598397,11.772054570566686,10.288031703450372,10.219096524822337,8.378626463030798,7.115359788731698,8.516170939020425,7.026547996147038,6.05123059874601,6.9318559081715625,5.83741008147449,5.027577605775967,4.8768998765384755,0.0,0.0,0.0,0.0,0.0,0.0,0.0,0.0,0.0,0.0,0.0,0.0,0.0,0.0,0.0,0.0,0.0,0.0,0.0
15.684830034437734,16.21508529651636,14.711266736640356,13.083274031078766,14.02251290610713,13.228278979392746,13.934555715256217,14.23181850810767,12.935339467614138,12.621889246202407,11.66516787419281,12.173852660850631,13.17377191807483,11.801392814597184,13.058438541701685,12.304771692879962,12.084964166450806,11.158698150967254,12.286100904609778,12.288870364219813,13.761469531314598,14.193483355161586,13.383265019810779,14.845621939750453,15.074808826814355,14.73587652837455,15.222136408510469,14.745054297058386,14.330392847382411,14.936592548295613,15.431821899978273,14.223461464922805,13.096229993596783,12.131828785785308,11.07579744878124,12.312586895814542,10.627564813768062,10.994937594224124,10.781654546830927,9.251479327076561,9.96754521830004,8.682789486104106,7.624022312309954,6.264746545133969,9.044562513985959,7.000045560830301,7.367925870050645,9.175376803452886,7.098550540462469,8.397146724472844,8.714797925155809,11.122658943636994,8.567002114195141,10.39199443980798,10.808179678831445,11.293091568950665,14.39104198304195,12.250263352292963,12.130671256345423,13.716861280708498,13.402979278970031,12.607001796416188,13.182662356572743,12.737210701688182,12.49638691465001,10.628735529892538,9.43668423146075,11.139977402069361,9.707121875119626,9.323475988996808,8.732340232081716,8.070691721017475,6.755836143328227,7.736803394490582,5.386020956309027,0.0,0.0,0.0,0.0,0.0,0.0,0.0,0.0,0.0,0.0,0.0,0.0,0.0,0.0,0.0,0.0,0.0,0.0
16.341367357542147,17.0109597012163,15.538685193697729,15.20670793778864,14.54960462075465,14.68875583974041,14.43333667485736,15.098305310629403,13.76664037145098,12.55834087026244,12.457845213772886,13.038934649916916,13.449986000339964,11.563862809713283,11.561876836029002,11.715256149491738,12.66747114209083,10.330257826322827,11.475270924374867,11.799362675317001,13.828067096995298,14.222212190638734,13.266969724659914,14.121119806654994,14.698090323429911,15.030383994355034,15.301174319846304,15.056092503753554,14.83888353372399,15.407234322893384,16.732882173492797,14.83718910960725,13.706198646463868,13.06073702234422,12.69326814916525,13.09113749818739,11.875552237657203,11.87116631864481,11.654376360778125,9.44184220610729,10.729933697165142,8.928399460706494,8.50072785760043,6.6556211927086135,8.635004756690293,7.6223246808046685,7.3731707306521495,7.545285938503941,7.190754153720178,7.285053522848612,8.695542402914494,10.102751884380215,8.069231697258916,10.088677690450021,11.082870247920301,10.10959894855521,14.081172649587817,11.903483990483661,12.787268320406396,14.650758900781351,13.996148487737761,13.703856157804086,14.30224363697892,13.969998051478173,13.829026023081306,10.760511543913886,10.399181768187534,11.67925128990553,10.84286037151756,10.046174634810207,10.834013200348105,7.8168266104682145,6.765592946401964,8.124569997419249,5.9020875947162965,6.031286569890707,0.0,0.0,0.0,0.0,0.0,0.0,0.0,0.0,0.0,0.0,0.0,0.0,0.0,0.0,0.0,0.0,0.0
15.04979483100835,15.383105554084281,14.314387423473933,13.593289379693484,14.156755304327426,13.286470428714004,13.708382887540944,13.770270921643615,12.6647678752705,11.399423466127033,11.366139569580682,11.882978009390058,12.8515781492424,10.478778178536546,11.294199997649576,11.031729373806252,10.747441956456786,9.157051436059957,10.929175910590738,10.405668416033045,12.590287776362688,13.314005271840502,11.784407399427026,13.30136573252039,13.282055985227199,13.628416444590608,14.130085728374675,13.695006892730783,13.57094783484008,14.362657758885842,15.20980013723641,13.309219719710457,12.649161240349168,11.973656131573042,10.957735965361673,12.037015007611135,10.837050924474273,11.08812439045444,10.713040824382576,8.90574498708405,9.725344440408458,8.324161478349378,7.130698357057862,6.1483827228808465,7.46722541599942,6.608229794768921,5.99026446683303,6.533920984080004,5.213287113036044,5.905962498910121,6.94458217818262,9.131311594700824,6.474646506225317,8.308671671451561,9.353380928155481,9.320529140708283,12.86629909862831,10.61650093746992,11.588275759944692,13.151140979552903,12.776219892421533,12.346017419416784,12.961197634979404,12.59812857188748,12.604960558982867,9.76038205878887,9.08946325288065,11.163997118229103,10.231359952834893,9.220498638398452,10.084916031048344,7.109868549578655,6.620901253530949,7.17726617488544,4.811459338496552,4.493846424045631,4.089513783113059,0.0,0.0,0.0,0.0,0.0,0.0,0.0,0.0,0.0,0.0,0.0,0.0,0.0,0.0,0.0,0.0
16.09241528254712,16.476549523414086,15.281038948558995,14.541593590058003,14.985468582723634,13.96265174903965,14.271577567245316,14.60899569663158,13.267548965056507,11.994016384502565,11.759820560432715,12.389950166145788,13.041978297484665,11.352751289008053,11.454748262258583,10.977074982353724,11.617338269099166,10.311403046105609,11.400490034117798,10.745991786030547,13.531181875861991,14.074158340490028,12.924118158450378,14.156440054280454,14.347503366768589,14.787199695196383,15.396268313451023,14.496116052596847,14.597906102965075,15.189432483961868,16.366815675941517,14.127709069525038,13.59271093875611,12.433124106112068,12.250790689972016,12.525386504751859,11.475510723106183,11.805789838930686,11.145909028433527,9.522983142828775,10.08908896669526,8.447455308843962,7.761675767177859,6.354103294801243,7.722685744472322,7.612774855870625,6.845235609015775,7.983426583497671,6.401753436290405,7.514377774533364,7.226456168461551,10.056992168426106,7.6683731101101245,9.230431396746091,10.911139202410581,10.459446875025495,14.446010139634819,11.589116724038636,12.927376373984051,14.547740405690364,14.024915950834643,13.358588282085686,14.297442903698409,13.579432845892939,13.387117442350014,11.12407601683286,10.53881027598922,11.673305347268698,11.011149822608987,10.325585761588346,10.832293430152685,7.704709624130945,7.265125704570845,8.62027857643922,5.6300549931165,5.580481803324514,3.9962390571661244,3.6957449912708635,0.0,0.0,0.0,0.0,0.0,0.0,0.0,0.0,0.0,0.0,0.0,0.0,0.0,0.0,0.0
14.467995922805793,15.4935519706414,14.537100909162941,13.989462923422936,14.321613898051645,13.635857154516142,13.669958467128886,14.611068011905257,12.899664569373927,11.930440355101107,12.331296111022759,12.878907415647687,13.977987811042832,10.976096616970489,12.46258844470622,11.740482527610396,11.751447665999496,9.663094547903638,11.388219573861281,10.997037214937713,12.895140425921117,13.095573861750925,11.837303369977123,12.636142366858843,12.825792184778491,13.3573487549373,13.723563699598039,13.46129108029854,13.144352667347068,14.099793372525891,15.085114805067745,12.81407822393671,11.871725678870323,11.823074486631386,10.60489376225684,11.755385027449718,10.607065007915526,10.671244550492132,11.015797442696783,9.345096643537188,10.788708855795536,8.750187944502965,8.979132502437249,7.424315933665068,8.931971352390525,8.010399967081858,6.4425544796553,7.24467762275495,6.466983939505727,6.918363170710974,7.317444251487332,9.411888011556078,7.281019024803397,8.067987862182553,9.491631862397004,8.618247585074917,11.799974129567445,10.089741211647652,11.092028306953152,12.637701753872221,12.050467240639469,11.70738776182142,12.174413229688938,11.496105002513893,12.079809323462063,9.405522225731277,7.9395653693464245,11.007301004589682,10.02112227360743,9.430599185116765,10.700101707190823,7.789538845973169,6.832527761818829,7.924172922483204,5.662761798206331,6.676266071070341,4.670230828013645,3.9192216567977765,5.215543055880281,0.0,0.0,0.0,0.0,0.0,0.0,0.0,0.0,0.0,0.0,0.0,0.0,0.0,0.0
14.16710747136059,14.067947887758256,14.25729928467457,13.663824513962442,14.484303160889102,13.21321157935742,14.409385475994274,13.962047369032131,13.486845204407034,12.58492043769451,11.943172085647975,13.077749637800878,14.376268283958046,11.513877848489926,12.143346106442037,12.194452707350214,11.182666400447658,8.59236109870279,10.531799065148851,10.82931285271143,12.046064884558817,12.461386603466325,10.568138647463126,12.273026057607025,11.72658620917874,11.84095394813277,12.283663309192457,12.104285356124954,12.840072198480428,13.225813433201036,13.95178973481718,12.26386654926761,11.76341768888893,11.991047916324911,10.61422141575773,11.576671235832215,10.922046377359052,11.503091402956164,11.592640132149405,9.889458468673904,10.782138035724874,10.205145285641994,9.397023952917275,8.800561778599647,9.665535059389159,8.634134978907905,7.350724362145718,6.9516169321491175,6.80423176062963,6.209844423922872,7.5346186130819515,7.881525995494084,6.062720396687036,6.790263331719986,7.983694263030493,7.752825686939284,10.933283817431843,8.934767657096018,10.432514332040288,11.29654655458654,10.87656153511766,11.729026803407946,10.874905440562738,11.911216169296106,11.853632671734728,8.87152248412306,8.695670060909682,11.641788758774014,11.07537106574073,9.942979923740216,11.970382767330959,8.073407309452497,7.5571604873127445,8.892100649276413,7.126031375099397,7.437425036186988,7.04573747790854,4.5349279508266385,6.853285380446155,5.410534971762592,0.0,0.0,0.0,0.0,0.0,0.0,0.0,0.0,0.0,0.0,0.0,0.0,0.0
14.97522518107157,15.020003440484993,14.33737325840131,13.799296261929447,14.151455489678122,14.202417840460969,14.804388864927917,14.585333156164655,13.829750820140472,12.586573544313003,12.066323884692473,13.09376059782292,14.180842178303692,11.004165163015594,11.070610993608257,11.253256688136995,10.947773619846185,8.67525635057547,10.549466335720268,10.39642640025889,12.100502076166098,12.072964811348081,10.456053906634317,11.869292075814801,11.735944794536143,12.19780710528331,13.12414904244462,12.915325448295913,12.996562555856414,13.835869838654887,14.91345433813538,13.509710570475743,12.7637999687955,12.941464565419517,11.743304607729845,12.31188103760851,11.770597828850539,12.100169625149187,11.918122024001937,9.959124144573407,11.588734658799297,9.813673294174817,8.7950993506384,8.136773186769311,8.689190859706098,7.670910803424846,6.6673651665066,5.959057185372474,6.225982313747769,4.79333246796266,7.03708666364853,7.649127435998699,5.3988994893055775,7.5024544158162,7.913965417875227,8.127099224849209,11.113214461745802,9.633724069898621,10.691644468397975,12.18274106119801,12.26307087575131,12.290989185839397,12.380607806363953,12.826649942093221,13.114322856347409,10.060550906535884,9.759912631212433,12.220001696211666,11.658616834859698,10.598569652061546,11.824043625087528,9.319417688659524,7.658670143889212,8.454008242663418,6.968450814148006,6.829913318937511,5.43750564279468,3.675885041162971,6.107375072650772,4.678202662393436,4.06778498698014,0.0,0.0,0.0,0.0,0.0,0.0,0.0,0.0,0.0,0.0,0.0,0.0
13.935924219429474,14.221581351239461,14.883824061313744,14.770710502277844,15.215988040456065,14.881058180819164,15.809435857344964,16.38161880399605,15.304196680125258,14.590513031265932,14.027853409572007,15.548338820246393,16.438548781273788,13.416047460475346,13.292390633451944,12.588799944398234,13.051868693873724,9.500195049572456,11.045383991174521,11.564491188309194,12.152707484388037,11.72354545733542,10.066570787624341,10.911821415541999,10.465062837464522,10.31333385300316,11.823971588071455,12.04933204796353,12.222209773594543,13.284992227904425,14.6741643470199,13.030351992367857,12.348667763825578,13.256636929397667,13.439075571234428,12.637951584476378,13.206634280244227,13.62225783685377,13.375663910844986,12.197952747005784,13.066413540107973,12.919041965799206,11.824835156190591,11.860973179176698,12.378759575251511,10.114308593149657,9.87716348649462,8.602210597929016,9.641552562199772,6.910264470086943,8.47880305528681,7.372902260767398,6.189573593890372,7.979164680270798,7.615276020882368,6.396957492930963,9.609617235812516,7.4751611496299555,10.08881854236689,11.393844375387133,11.883600948402844,12.789907913426976,11.283545612408407,12.944739236591094,13.165619684508473,10.628675472315493,10.558715650430264,13.575775986545924,12.857909179439202,12.140322673647558,14.110861435621143,11.275798352416603,10.118493464668592,10.914054064519929,9.192097370943205,10.64192221007469,9.010630344261438,8.206646207684884,9.702773765542357,7.619061744126765,6.291060469652313,5.947404257679227,0.0,0.0,0.0,0.0,0.0,0.0,0.0,0.0,0.0,0.0,0.0
15.091215609509396,15.06986011099841,15.378942895490606,14.640354277605443,15.620259191179928,15.319227021979405,16.359674206936507,16.674787167736085,15.363313181102441,14.879134415183564,14.281125466741058,15.325747964350711,16.164059523391302,13.397799535522466,13.172478890668225,12.743450829512389,12.588636443606593,9.887707422324956,11.290652908338526,11.140187464971136,12.447088563025494,12.169130051903833,10.28011028048215,11.331366922357605,10.758669825136376,11.268441170064296,12.6719202092106,12.658328371751935,12.822725647301707,14.20896535414525,15.204562233729357,13.643527090581966,12.288418228984721,13.44183511244313,13.120752257935862,12.821447800973335,13.10148992077317,13.55150487118619,13.396936933392649,12.288680547484542,13.391445483164093,12.28112582377935,11.938442534706946,11.159177744994835,11.248505966407272,9.881597519065428,9.036365722530578,8.361904110317775,8.851594380042503,6.327046979114744,6.694163794560154,7.289685466578651,5.939686699778366,7.14113863257814,8.384000141092855,6.953133439102445,10.114839364279396,7.920427308456031,10.287172612920667,11.666864151600464,12.11441080636611,12.54375287326568,11.829382170667243,12.327966182282461,13.129548570506756,11.581288003149735,10.403301956061835,13.843342217062903,12.927838492733654,12.465145989265428,14.153841113910138,11.57853069429796,9.576307277620117,11.205358650953613,8.831897552321358,9.823100042079385,8.407733262634109,7.0941203033889755,8.389042730217556,6.39526090240461,5.5730466056010135,4.971794735113271,3.9371902352541968,0.0,0.0,0.0,0.0,0.0,0.0,0.0,0.0,0.0,0.0
11.984905465400258,12.18375055867125,11.675558637252523,11.670036671934712,12.612801992114283,11.818093565144295,12.993308992083143,12.926799841557733,12.79649535018229,12.650869853088402,11.430742855776304,13.098842283884517,14.8670082276643,11.975638344022709,12.82837204729349,12.03923162566536,12.164810573325052,9.524937932004649,10.74521867119577,11.990114282873245,11.991628895757282,11.342644166300465,9.424337605284721,11.219050102730666,10.183083063554033,10.414112693920735,10.969076360462672,9.787094938798797,10.037696438014551,10.406070253384849,11.46049845618549,9.973206921754155,9.37046212411261,9.464064607403628,9.08445336473307,8.770993650110858,9.642583081653068,9.726433522105829,10.299715925592366,8.504708962315876,10.815615343477088,9.26898890633067,9.234893039877669,9.234000546804673,10.881155126545204,9.127338374176833,6.948555302220352,8.391338457131038,7.73915312250126,6.9286965901492605,9.086700638279057,8.378848241674332,5.85891287562676,6.297899792992978,5.516396584797544,6.238715259175209,8.497352211164193,7.0741763252354,8.414097267188323,8.294645717215474,8.691217137020626,8.862029477800217,8.714317651519309,9.668534376914682,9.017190281943538,6.520473257807366,7.393008835520286,9.884033293930013,9.170363108930145,9.566144303868775,11.04868663114553,8.22967874580053,6.547699081181191,8.578395723279616,8.014430273977121,8.427589923501323,8.25327515204752,7.10564927588554,8.37316703230128,7.067409053458419,6.057264746906973,6.051031755798428,6.722067188048776,7.025341067238019,0.0,0.0,0.0,0.0,0.0,0.0,0.0,0.0,0.0
13.383211864729072,13.64659949587061,14.07322754148763,13.707563080319018,14.92274396323833,14.065251137650156,15.375794230249333,16.042791791104847,15.071279007826806,14.8410300893848,14.022570211606181,15.855423556106123,17.14034166671079,13.979424581959767,14.9049792561756,13.579915808889428,13.453175096895343,10.930651788892783,12.014297439938309,12.857072904733215,13.207550539465107,12.060808229421195,10.25848857535133,11.234836426491709,10.437511177978445,10.505392047007337,11.742866677567493,11.30476154392586,11.405712874178185,12.167533054182552,13.388310596680002,11.632816362896348,10.503918645627879,11.596509311458084,11.28890908865219,11.215072656724477,11.194394151684405,11.924309587880046,12.301727756417998,11.55844173030474,12.841093473220301,12.144293785256721,12.165560564340018,11.557740722149505,12.76380337276178,10.511727620492504,9.43931900786315,10.233754030086237,10.03275993245752,8.59581000506933,8.276278975585889,8.140765840986523,7.109177999195757,7.686484798470948,7.828769542895613,6.847365928103274,8.322545808555278,6.980869574136236,8.510819994034065,9.77752606270753,10.049489879482689,10.748134618173797,8.686160265222203,10.11830716837184,10.654062856383991,9.058388752555556,8.027575017950626,12.331488771046303,11.486598214203845,10.82840270094463,12.775940321356309,10.704890049473885,8.984322956501787,10.703257699379472,9.02494965706319,10.143080179759254,9.539675045625453,8.497255037050065,9.527571942680938,7.146224948226163,6.477737687103887,7.049623944071415,4.912622579234636,5.083080080819601,5.471272690101088,0.0,0.0,0.0,0.0,0.0,0.0,0.0,0.0
13.373344903198303,13.474979405162035,14.417959068563103,13.623536089620787,15.354244171488254,14.099219899985389,15.602944064589341,16.236041550947572,15.143568525774763,15.802200552521157,14.931360903460877,16.256637410817774,17.488807249001773,15.105456031760378,15.911126048708809,14.798364059618212,14.457569559490281,11.790548908693777,12.816595552868446,13.644606978821338,13.651453350211472,12.99842303344021,11.009108634968898,12.121120376347228,10.706930646627912,11.167232968824464,11.775748918612353,11.350943650564917,11.452206255615947,12.45565076211195,13.056975643316067,11.434807765067324,9.45471733373156,11.166741396992634,11.093296080594307,10.652542139525382,11.320923354855866,11.983274980913315,12.435527895690637,11.841295089863483,13.351770466172493,12.567887617706486,13.427490535438855,12.812567617002768,13.65757360187746,12.002874793781697,10.262805880930497,11.138801927080907,10.935196738641697,9.622377823392979,9.31498602108452,9.525533573761,8.298276525961521,7.73754229130284,8.53925574875498,7.187367180797472,8.78602523151032,6.9848912124052465,9.328224338491491,8.926073582863856,9.310322969091889,10.45921348017627,8.333967579508576,9.074504217933892,9.67848451761824,9.591987794753495,8.235158388859318,12.407348666800495,11.39924811214871,11.79613401084864,13.827585977478245,11.468789622614933,9.562697499513408,11.898230553046155,10.097269304237656,11.593445190878336,11.243234884685279,9.95350628274819,10.764231984420254,8.52189823569403,7.585274946447295,8.923060499565159,6.815496221350357,5.946186342875574,6.540192278913596,3.875127225011458,0.0,0.0,0.0,0.0,0.0,0.0,0.0
13.176932541110205,13.523054161934425,13.761343976609625,13.869508729019532,15.362684059818779,13.957053258525345,15.589433027078652,16.57477921380448,15.711846838519811,15.79271618906922,14.81414738140029,16.267849396557278,18.146988679256566,14.993564464871087,16.30553004847156,14.895895576087694,14.870669510809156,12.607352142189454,12.723601878922343,14.241441177903624,14.033624400994526,12.845248465132856,10.730348868669955,11.655502752336727,10.56624767586152,10.232487790055211,11.805936220799646,10.589991348136644,11.226403171596768,11.95048728487709,13.152787925386694,10.619602503704787,9.83519988555398,11.144192260224964,11.35465405632413,11.046044002327394,12.195407233759354,12.108894879309672,13.209965182120996,12.861240223208412,13.956202194111011,13.156634228253402,13.662988767048335,12.65272758225992,14.338407100659019,12.050964536287086,10.60319730154497,12.319453282347812,11.734986583356156,10.520459395639241,10.037168959362445,9.472876412120923,9.121903232696178,7.5166751203540105,8.949116872593294,6.631014142735149,7.659457261362909,6.3726720073175755,8.16726054011466,9.60154064999097,9.479009866707017,9.606580630294319,8.868092757581476,9.443547224264247,10.269777463879,9.715855635801152,8.75096443474255,13.197109502974696,11.482378704385209,11.878093712765908,14.215718493597217,11.33477529548729,9.654975778173087,12.511205122923611,10.973077094791096,12.144722005902358,11.500330177026788,10.68743231265942,11.473286481014277,9.226073944409615,8.655025731850483,9.550094271185444,7.548788811108042,7.4259869503069424,6.476240829568184,4.501099333301144,4.891767495183001,0.0,0.0,0.0,0.0,0.0,0.0
13.34934873398508,13.588487855339535,13.986894195123877,13.419480239861343,14.594098257866776,14.86086754571122,16.710578400868496,16.730579111213366,16.458801033955208,17.187250323543005,15.765939939940436,16.95043614730928,18.697344043885487,15.781752373224624,16.79285184377356,16.2175408126642,15.358482594156527,12.978203918338972,13.44139547583361,15.462543264385358,14.249084355527868,12.813334079878587,10.296351114961638,12.238557963885656,10.765038063750124,10.835693148296007,11.176416394587713,11.023484930907696,10.969898418809446,11.824257254279825,12.41051532717792,12.354799092434204,10.25530652583398,12.427703162085825,12.046334425203295,11.756598760978152,12.524519566108873,12.839760374205277,14.11248703036885,13.108986668027931,15.195111464572578,14.242934007841539,14.416017099201467,13.791181017761206,15.271810752615716,12.674350460134399,11.716465248471085,12.652242664974866,12.48528316147251,10.477272993851216,11.490598752056789,10.25015552309998,9.39384366361358,9.597407981933925,8.024392566483398,7.6926987667783795,6.769964880407062,7.583879326337219,8.315765424652984,7.807638007211209,9.107861548981134,10.271032440034936,8.286104304371811,10.557228984327706,11.230044056440965,10.571369279885602,9.691271630434729,13.907062224285365,12.88606371404918,12.901819036799774,14.783539263868512,13.196209296635493,10.863390453096537,12.986212190885764,12.489659264620833,12.50014417283213,12.89019189324321,11.691031634261225,13.458626414115558,11.080800903790937,9.332302009098829,9.85302051543023,8.315145815644486,8.47795940278255,6.894694713245107,6.2207800769770065,6.601321004619379,5.826639388072512,0.0,0.0,0.0,0.0,0.0
10.969108203103842,11.115446428541727,11.242828946411175,11.292651202135838,12.91094788001954,11.349723287730146,13.053340445994031,13.383405739952593,13.269750103876712,14.294610309057045,12.9437283981587,14.253425771375104,16.331130320900538,13.966443338675957,15.609970868525025,14.359489930067154,14.002896590662948,11.524074500696358,11.926891984769679,14.135587712847316,12.681179942982435,12.042825646349323,10.154332737177898,11.82346172352243,10.40487530297216,10.034472114032706,9.900832517727991,8.686401433067667,9.178136947576508,9.523997821293325,9.793097422289284,8.758885346317989,7.53325908997321,8.771613967572273,8.284238255822258,8.405649986061993,9.873545452714591,9.610718327163843,11.36515582034844,10.629940690550676,12.240624018722903,11.477722895958067,12.282801854927076,11.787778363748107,13.779121865416533,11.477053563641672,9.583023125066617,11.671476209166572,10.738883162661748,10.183254403560042,11.397255155031848,10.144389772112861,8.881448087199745,7.5500741532517415,7.311502785101363,6.7640313210514185,7.507811047227812,6.739433178144586,7.387066175020025,6.535845525071718,6.3665746709435505,7.369970500789063,6.826853314448758,8.898242188904502,8.011147877708662,7.4128248386698035,7.741877565106543,11.059265937595317,9.54078727498323,11.24318615979474,12.692211984257629,9.95335333703672,8.963567805483484,11.3706715208426,11.04186114545913,11.333006825957533,12.06620557525455,10.828668279013247,12.145500070582356,10.27658325832205,8.890808768435017,10.261042865888438,9.56795147940148,9.907066321081132,5.1928470189637785,7.188128376804702,6.7581444947781355,5.7822791664471715,5.848143472344795,0.0,0.0,0.0,0.0
12.615938073223093,12.729395104410147,12.78333137245769,12.559718079013557,14.346957633029415,12.972524043032026,14.542766477487827,15.068569557479437,14.632194210245297,15.16463617818113,14.33706801096026,15.857765610447773,17.4750687874857,14.692516229735668,16.418087399225282,15.4464448963993,14.852429718938245,12.742959107499326,13.943218984669688,14.985014637029888,14.718708610285756,14.065810092989633,11.563100933830976,12.930376691148638,11.20788603005937,11.632946140299111,12.325170302746328,11.559501040624548,11.007803518353196,11.582200565971908,12.113493242508909,10.003897640157259,8.250162140253002,9.410177903419733,9.38589214336437,9.437032799009653,10.198938772608697,10.391965572322832,10.924376648944323,10.290193610040824,12.393015215977748,11.48251721718718,12.323035359569493,12.243427353544758,13.651800627843933,11.854593419248928,9.90053064043547,11.563514504298478,11.02513444532537,10.324070894963139,11.004136246089468,10.989907209673248,9.363746761218183,8.533590384029457,8.402132524843024,8.08270923331061,8.201004949484911,7.683493345977208,8.812497723762826,8.034751047244711,8.615666518145883,8.737495583071903,6.998176302109001,6.259385376041323,7.149255574751541,6.831165320485224,5.802702940449389,10.425733394433985,9.02173798318184,9.17907008842399,11.706723989589614,10.186314126547442,7.929262844092129,9.89734104376529,9.36707040706965,11.286061606291186,11.346507395736541,9.932094693894522,11.374592204132684,8.895442616706884,8.150565109285429,8.990014324004163,8.010296710165047,7.829158816571547,5.40127276069826,5.225994230404869,4.580728750526493,5.1779322150341995,5.754980736555861,5.452294381230711,0.0,0.0,0.0
13.033224932195408,12.933520311615897,13.338811803351188,13.062601990074565,14.099955482395716,12.838448616801173,14.626945773861737,14.77613232729986,14.76808215564147,16.107237149561062,14.378242457000786,17.03563228387194,17.77965738848803,15.93908551959823,17.485705065000953,16.75497622960713,16.153544704466572,13.400910393611323,14.831185705887213,16.58556380888512,15.407289265127075,14.682685724636654,13.150672758317832,13.95902289004499,12.77076839956782,12.635225230533091,12.289006325838553,12.440352859674038,12.152110434965152,11.456900557943234,11.418547158419454,10.779974381590337,7.989604565798234,9.411619256100884,9.83972420582147,9.413789716569198,9.62881165134104,10.217555023413526,11.15539016843427,10.362473797164698,12.09758852324115,12.031415851079208,13.403745088824987,13.165739463202513,15.087974279624152,13.28371373743427,11.495807359429852,12.914072709411284,12.39216279229336,11.997795179628838,13.421830901985764,12.388149326622923,11.062841646296127,10.56223013325311,10.208446609853283,9.814404934306744,10.243680844368198,9.565320012926072,9.508200154967554,7.894975614439856,8.183436022435806,9.461193447135567,4.996043778891453,7.182484095687227,5.970972336991355,6.818118240101148,6.099415889763541,9.18593629227941,8.9540539430621,9.632362199138898,11.370951474816563,10.661456108904634,8.393071801593262,10.566663810683153,10.377184387347079,11.969186594568571,12.398070613552093,11.648141999895419,12.921367678159923,10.775129981616232,9.707046319262156,11.036403059774502,9.824925194579395,10.397470590884112,7.097129438694279,7.373059033442293,6.77580857659807,7.886451189624456,7.2784044749429135,5.996510318710374,5.17089213136379,0.0,0.0
10.715374808526299,11.56054141970786,10.721760702592695,10.819074760334177,12.244238037733545,10.527979407580734,11.872758909475241,12.63334361904227,12.096310338030188,12.723338370121262,12.538603837553048,13.846340729048235,15.195429749771376,12.729806502176144,15.510078905099096,14.38482983905962,13.628612539374652,12.28033548098748,13.676998579669709,14.433753259724236,14.266398229823112,14.21732004604486,11.49527287446987,13.068247097954645,11.576207949091101,12.327125097414239,12.169101628127692,11.508887947269276,9.971197013090705,10.36885680160547,10.847866780103313,8.393654304815275,6.774397588945014,6.53130401264625,7.867784667561068,7.743049133672342,7.816333280331706,7.696119348847378,8.106740990089667,7.791871778573169,9.490788007929373,9.19839987134719,9.791010201312222,10.299198152179033,12.077453191811593,10.40623880437596,8.87669428224728,11.173645773836816,9.809627243361493,10.316843570115086,11.181051580549122,11.961421053784036,9.78303246138047,9.531530825727838,8.685174812742977,8.865410087044175,9.11455906938103,8.247629442061278,8.92295977519371,8.093381731093624,8.496207157743978,7.480029746096,7.188710083498988,5.975873770202979,6.3434381317954065,5.660007886213588,4.156138354277925,7.703019816192609,6.755997428601195,6.628340782941081,8.668668729156341,7.9011422272415786,7.191105724191517,7.095478114894091,7.851872978073449,10.348715165951763,10.856182110719404,9.416590822837515,10.86512126114182,8.8507277687558,8.967671299813626,9.59298552840564,9.732114288742245,9.830425073988408,6.455337155001357,7.625317446665746,7.696507439995106,7.953241398275862,8.35087197465804,6.869052385911758,4.460061227001263,6.548525100967392,0.0
